product_id,product_review_count,product_avg_rating,product_std_rating,product_min_rating,product_max_rating,product_unique_users,product_avg_token_count,product_first_day,product_last_day,product_active_span,product_rating_bias
0,2528,3.9030854430379747,0.9299263055389919,1,5,210,55.859572784810126,183,3701,3518,-0.03223628205492757
1,1879,3.930814262905801,0.981459068521475,1,5,253,42.09898882384247,1365,3717,2352,-0.0045074621871012965
2,1970,3.898984771573604,0.9228486077578499,1,5,166,73.19695431472081,3238,3725,487,-0.03633695351929811
3,185,4.210810810810811,0.9746191518674557,1,5,59,74.75135135135135,3386,3713,327,0.27548908571790864
4,5033,3.913769123783032,0.8914199520687821,1,5,547,64.48817802503477,2109,3723,1614,-0.021552601309870134
5,1019,3.9754661432777234,0.923597356108256,1,5,86,44.75171736997056,2833,3726,893,0.04014441818482117
6,5508,3.9502541757443717,0.898151931459065,1,5,508,88.25671750181554,2248,3731,1483,0.01493245065146942
7,7208,3.9098224195338513,0.8982804729377051,1,5,677,69.22905105438402,414,3730,3316,-0.02549930555905089
8,1693,3.911399881866509,0.8761044978665617,1,5,162,83.14294152392203,2948,3727,779,-0.023921843226393236
9,2204,3.9686932849364793,0.9235015556640628,1,5,178,68.87794918330309,2962,3726,764,0.03337155984357709
10,4137,3.968334541938603,0.9629063016175889,1,5,498,66.09354604786077,1081,3730,2649,0.03301281684570068
11,432,3.988425925925926,0.9740747643135297,1,5,52,82.64120370370371,3117,3727,610,0.05310420083302381
12,1423,3.927617709065355,0.9799482692630244,1,5,169,57.44061841180604,341,3728,3387,-0.0077040160275472225
13,1604,3.89214463840399,0.8810548540939858,1,5,178,63.31857855361596,518,3725,3207,-0.04317708668891207
14,3365,3.94739970282318,0.8664869117260461,1,5,218,125.90668647845467,3541,3730,189,0.012077977730277745
15,742,3.9137466307277626,0.9469603223190842,1,5,82,65.6900269541779,3537,3730,193,-0.021575094365139602
16,12094,3.8825864064825533,0.9043054535730093,1,5,892,94.14536133619977,1849,3730,1881,-0.05273531861034897
17,1688,3.9312796208530805,0.8737862056286886,1,5,138,64.58530805687204,2813,3707,894,-0.004042104239821764
18,2587,3.969462698105914,0.9279095152565371,1,5,312,56.20796289137998,244,3730,3486,0.03414097301301178
19,3328,3.9600360576923075,0.9463652002145158,1,5,323,86.59164663461539,762,3726,2964,0.024714332599405253
20,195,4.220512820512821,0.9619512727386178,1,5,59,59.56923076923077,3441,3718,277,0.2851910954199184
21,585,3.923076923076923,0.9996047691038568,1,5,150,68.1982905982906,3280,3728,448,-0.012244802015979328
22,227,3.898678414096916,0.9422943275138239,1,5,47,47.784140969163,3391,3709,318,-0.036643310995986056
23,723,4.1037344398340245,0.962755104885972,1,5,148,69.53803596127247,2335,3726,1391,0.1684127147411223
24,4226,3.857548509228585,0.8968378640819273,1,5,224,84.36961665877898,2880,3730,850,-0.07777321586431718
25,1300,3.9815384615384617,0.8639370125894796,1,5,130,57.00692307692308,2139,3720,1581,0.04621673644555946
26,2122,3.9962299717247878,0.8641778283909013,1,5,222,63.27568331762488,1440,3716,2276,0.06090824663188554
27,2083,3.9779164666346616,0.8619906806112856,1,5,177,60.775324051848294,1674,3708,2034,0.04259474154175935
28,1032,3.937015503875969,0.8890463988310343,1,5,121,54.87596899224806,1860,3730,1870,0.0016937787830668682
29,5431,3.885104032406555,0.9004096587842612,1,5,432,87.22353157797828,1985,3731,1746,-0.05021769268634735
30,2366,3.9932375316990703,0.9168130757462364,1,5,320,79.92561284868977,3319,3729,410,0.05791580660616802
31,376,4.127659574468085,0.8972139699098639,1,5,62,90.01063829787235,3059,3707,648,0.19233784937518283
32,3251,3.9043371270378344,0.8849595986447436,1,5,232,45.21900953552753,409,3690,3281,-0.030984598055067814
33,19008,3.9422348484848486,0.8950438430681291,1,5,1780,94.64762205387206,1968,3730,1762,0.006913123391946385
34,1458,3.901920438957476,0.8676978363401487,1,5,110,60.46090534979424,3125,3723,598,-0.033401286135426034
35,5000,3.9672,0.8950331708240616,1,5,552,85.3552,1478,3723,2245,0.031878274907097826
36,3678,3.8243610657966287,0.9096433249644231,1,5,313,100.72539423599783,3417,3730,313,-0.11096065929627352
37,439,4.047835990888383,0.891352986507354,1,5,42,49.90888382687927,3335,3718,383,0.11251426579548074
38,3922,3.9454360020397754,0.8935033313428453,1,5,373,72.28990311065783,2371,3731,1360,0.010114276946873169
39,11006,3.8886062147919316,0.9057056367994005,1,5,896,107.67781210248955,398,3727,3329,-0.04671551030097065
40,9704,3.9394064303380047,0.930456806745857,1,5,847,83.1209810387469,194,3728,3534,0.004084705245102516
41,5374,3.9709713435057683,0.9177481088037711,1,5,519,73.8496464458504,1067,3729,2662,0.03564961841286607
42,667,4.082458770614693,0.8095384511733933,1,5,51,116.03298350824588,3551,3726,175,0.14713704552179063
43,11849,3.9021014431597605,0.9029753164879272,1,5,1107,72.01527555067938,362,3730,3368,-0.03322028193314175
44,8564,3.885100420364316,0.9090960031124236,1,5,631,114.94068192433443,404,3730,3326,-0.050221304728586436
45,284,3.795774647887324,1.026426318790704,1,5,39,76.46478873239437,3497,3728,231,-0.13954707720557824
46,1445,4.042906574394464,0.9219318331511951,1,5,161,124.67612456747405,2891,3708,817,0.10758484930156165
47,462,3.9242424242424243,1.0500991429781674,1,5,76,54.573593073593074,2637,3707,1070,-0.011079300850477924
48,1612,3.948511166253102,0.906807972748764,1,5,200,63.640198511166254,2864,3730,866,0.0131894411601996
49,692,4.132947976878612,0.9501076076820728,1,5,102,104.13728323699422,3514,3730,216,0.19762625178571014
50,6794,3.9309685016190756,0.9240735910399622,1,5,671,78.34250809537828,2456,3730,1274,-0.004353223473826606
51,7676,3.8533090151120377,0.9207577923561214,1,5,476,108.13939551849921,2898,3730,832,-0.08201270998086452
52,10743,3.9007725961090944,0.905732975961162,1,5,1153,78.70436563343573,1756,3730,1974,-0.0345491289838078
53,662,4.089123867069486,0.9975322742593135,1,5,150,73.78549848942598,3300,3730,430,0.15380214197658404
54,3391,3.9280448245355353,0.9040131660987277,1,5,334,69.16632261869655,525,3727,3202,-0.007276900557366961
55,1179,4.044105173876166,0.9016616103379624,1,5,167,55.81849024597116,3072,3729,657,0.10878344878326374
56,405,3.9580246913580246,0.9495783584279757,1,5,79,71.97777777777777,3332,3723,391,0.02270296626512236
57,2646,3.884731670445956,0.9300371274346044,1,5,278,69.791761148904,449,3729,3280,-0.050590054646946214
58,409,3.9828850855745723,1.041868837948328,1,5,78,73.63325183374083,3513,3716,203,0.04756336048167009
59,1315,3.8425855513307985,0.8396632692497329,1,5,83,148.7467680608365,3269,3731,462,-0.09273617376210375
60,732,3.959016393442623,0.9888367966460404,1,5,99,117.71857923497268,3273,3726,453,0.023694668349720782
61,4859,3.945256225560815,0.8906261479230098,1,5,324,65.75262399670714,565,3730,3165,0.009934500467912777
62,13477,3.925502708317875,0.8965984298288485,1,5,1165,99.39022037545448,495,3730,3235,-0.00981901677502739
63,21972,3.9394684143455305,0.8811151907585831,1,5,1958,78.97105406881485,201,3730,3529,0.004146689252628288
64,1372,3.888483965014577,0.9759836896166284,1,5,135,72.4795918367347,2343,3726,1383,-0.046837760078325186
65,1301,4.1176018447348195,0.9269498856902728,1,5,258,57.747117601844735,1974,3727,1753,0.18228011964191726
66,6304,3.988261421319797,0.8989153251163141,1,5,545,64.09121192893402,3139,3729,590,0.05293969622689465
67,627,4.039872408293461,0.9608994636388903,1,5,61,61.26315789473684,2749,3731,982,0.10455068320055894
68,789,4.02915082382763,0.9481009144466508,1,5,95,77.63117870722434,3117,3728,611,0.09382909873472745
69,2340,3.905128205128205,0.9823013658219262,1,5,268,67.83247863247863,1249,3727,2478,-0.030193519964697213
70,6715,3.915115413253909,0.8793476426697591,1,5,403,67.75011169024572,450,3729,3279,-0.02020631183899324
71,3185,3.9350078492935636,0.9224902501159423,1,5,244,73.75981161695448,1725,3729,2004,-0.0003138757993386143
72,28996,3.9067112705200717,0.9132515635005162,1,5,2999,83.3006966478135,2051,3730,1679,-0.028610454572830513
73,1242,3.9565217391304346,0.936179496618913,1,5,135,60.306763285024154,3344,3729,385,0.021200014037532355
74,1447,3.9744298548721493,0.8887081337802715,1,5,126,50.91361437456807,2072,3729,1657,0.03910812977924705
75,532,4.007518796992481,0.9586261402960042,1,5,70,102.58646616541354,3394,3727,333,0.0721970718995788
76,308,3.918831168831169,1.0507803509754188,1,5,35,52.33766233766234,2286,3709,1423,-0.016490556261733236
77,6312,3.941381495564005,0.8833313689087223,1,5,602,63.3569391634981,2080,3728,1648,0.006059770471102954
78,9069,3.947954570514941,0.9212146139422587,1,5,1680,66.87539971330908,260,3730,3470,0.012632845422038574
79,7094,3.988863828587539,0.9258510088434323,1,5,725,71.64364251480124,317,3730,3413,0.05354210349463662
80,3575,3.9916083916083918,0.9500314034435325,1,5,463,72.41342657342658,150,3730,3580,0.056286666515489525
81,2830,4.035689045936396,0.8440412236737409,1,5,237,72.16325088339222,2479,3728,1249,0.10036732084349342
82,14946,3.9211829251973773,0.8925232532001651,1,5,1367,75.64331593737455,1146,3730,2584,-0.014138799895524912
83,7264,3.907213656387665,0.898501973903986,1,5,662,82.75302863436123,2209,3728,1519,-0.028108068705237077
84,644,3.940993788819876,0.8437472552574729,1,5,54,129.89285714285714,3413,3725,312,0.005672063726973597
85,1712,3.976051401869159,0.9161254611646691,1,5,210,79.41764018691589,2613,3728,1115,0.04072967677625661
86,183,4.120218579234972,0.8687340519741978,2,5,40,54.49180327868852,3678,3730,52,0.18489685414207013
87,3909,3.973650550012791,0.8495115711885519,1,5,291,54.66129444870811,317,3728,3411,0.03832882491988876
88,2598,3.9295612009237875,0.9500642824793053,1,5,272,51.29291762894534,210,3721,3511,-0.005760524169114767
89,3584,3.874720982142857,1.0236867752034933,1,5,442,81.02092633928571,2788,3728,940,-0.06060074295004503
90,3305,3.8502269288956126,0.8957226730876768,1,5,275,77.24750378214826,1844,3720,1876,-0.08509479619728966
91,30505,3.9728241271922635,0.8966834161224909,1,5,3122,52.52919193574824,183,3730,3547,0.03750240209936129
92,1220,3.8426229508196723,0.8919398472920408,1,5,63,85.26311475409837,3539,3729,190,-0.09269877427322992
93,10917,3.9003389209489785,0.8895369545930653,1,5,876,74.70577997618393,453,3729,3276,-0.03498280414392374
94,130,4.184615384615385,0.6795417446391462,3,5,11,54.823076923076925,3015,3700,685,0.2492936595224826
95,9793,3.9338302869396506,0.9085605280007172,1,5,1047,87.9317880118452,3170,3730,560,-0.0014914381532515897
96,11073,3.936873476022758,0.891761149609794,1,5,925,64.13474216562811,2217,3728,1511,0.0015517509298557108
97,3324,3.8670276774969916,0.8703540487431594,1,5,235,77.14861612515043,1820,3728,1908,-0.06829404759591062
98,181,4.298342541436464,0.9365702879313049,1,5,66,104.91160220994475,3238,3727,489,0.3630208163435622
99,992,3.993951612903226,0.9228371280795322,1,5,145,65.02822580645162,3015,3720,705,0.058629887810323744
100,29161,3.9398511710846678,0.9042746176683323,1,5,2677,82.40794211446796,210,3730,3520,0.004529445991765524
101,5478,4.018254837531946,0.8887521142920197,1,5,580,71.62814895947426,2811,3726,915,0.08293311243904355
102,2795,4.018604651162791,0.9231440313940565,1,5,318,54.59212880143113,2632,3724,1092,0.08328292606988885
103,3227,3.96901146575767,0.8811769215500721,1,5,278,58.51564920979238,412,3721,3309,0.0336897406647676
104,2956,3.868403247631935,0.9219652487530269,1,5,242,85.81495263870094,2858,3728,870,-0.06691847746096702
105,256,4.16796875,0.8581268788448931,1,5,54,43.5703125,3547,3727,180,0.23264702490709777
106,411,4.004866180048662,0.9159697881372786,1,5,79,83.77128953771289,3382,3726,344,0.06954445495575978
107,3606,3.978646699944537,0.8540278713040573,1,5,277,84.28480310593456,2999,3727,728,0.04332497485163467
108,4419,3.9402579769178545,0.9250094032417344,1,5,425,86.93097985969676,829,3728,2899,0.004936251824952276
109,2412,3.9966832504145935,0.9274766671266819,1,5,199,78.2516583747927,1715,3716,2001,0.06136152532169126
110,7409,3.904710487245242,0.8949044017258407,1,5,695,71.3150222702119,1461,3730,2269,-0.030611237847660178
111,2061,3.93498301795245,0.8833101150899426,1,5,154,119.29209121785541,3516,3730,214,-0.00033870714045214356
112,367,3.8664850136239783,1.0033519854677158,1,5,44,61.10354223433242,3350,3729,379,-0.0688367114689239
113,456,4.050438596491228,0.8384180712242486,1,5,44,47.85745614035088,2501,3656,1155,0.1151168713983255
114,3109,3.893534898681248,0.8757714105484043,1,5,290,106.24509488581538,489,3727,3238,-0.04178682641165432
115,3626,3.885273028130171,0.8735616480943306,1,5,213,89.49145063430778,3322,3727,405,-0.0500486969627314
116,1110,3.9342342342342342,0.9266124050716837,1,5,98,70.67747747747748,3011,3710,699,-0.0010874908586679943
117,205,4.04390243902439,0.9356891086692513,1,5,61,52.71219512195122,3561,3727,166,0.10858071393148805
118,1854,3.9784250269687162,0.909011371515741,1,5,166,154.46170442286947,3215,3729,514,0.043103301875814015
119,4490,3.875501113585746,0.8768456806224767,1,5,225,108.41603563474388,2838,3723,885,-0.05982061150715623
120,17490,3.9807318467695825,0.9028676062229821,1,5,1973,99.89696969696969,155,3730,3575,0.04541012167668024
121,18648,3.9357035607035606,0.8992202269966248,1,5,1428,101.7277456027456,668,3730,3062,0.00038183561065840976
122,862,3.8932714617169375,0.8992066282947929,1,5,99,98.69373549883991,3255,3705,450,-0.042050263375964736
123,836,4.095693779904306,0.9416156949071075,1,5,130,69.9366028708134,3127,3715,588,0.16037205481140404
124,148,4.135135135135135,1.0344320381147392,1,5,40,66.93243243243244,3590,3724,134,0.19981341004223285
125,271,4.254612546125461,0.7186193921715268,1,5,31,33.11808118081181,3437,3729,292,0.3192908210325589
126,1527,3.8657498362802882,0.8776677050847859,1,5,127,82.16240995415848,2995,3726,731,-0.069571888812614
127,1492,3.89343163538874,0.9786642884161378,1,5,165,57.94839142091153,1959,3727,1768,-0.0418900897041623
128,1096,3.954379562043796,0.9555026782431616,1,5,180,53.668795620437955,1409,3715,2306,0.01905783695089358
129,657,3.9315068493150687,0.8712181409466869,1,5,45,81.66362252663623,3408,3727,319,-0.0038148757778335707
130,1074,3.9236499068901303,0.8611633543065735,1,5,84,160.43389199255122,3234,3723,489,-0.011671818202771966
131,11519,3.9098880111120757,0.9079181192697638,1,5,997,76.4767774980467,341,3730,3389,-0.0254337139808265
132,153,4.098039215686274,0.9087636618994259,1,5,17,39.11764705882353,3472,3728,256,0.16271749059337193
133,7034,3.9766846744384416,0.9174808553588099,1,5,821,70.14500995166335,202,3731,3529,0.04136294934553941
134,14298,3.9143236816337947,0.9470874541086346,1,5,1496,88.62826968806826,318,3729,3411,-0.020998043459107496
135,2835,3.89347442680776,0.9611047801047178,1,5,276,74.14920634920635,2141,3728,1587,-0.04184729828514211
136,1034,3.9642166344294005,0.9404721762508044,1,5,102,82.71179883945841,2786,3715,929,0.028894909336498298
137,4281,3.903293622985284,0.9073896472535774,1,5,458,74.01938799345947,2331,3730,1399,-0.032028102107618306
138,2063,3.9539505574406206,0.8984913810720426,1,5,169,62.315075133301015,2641,3729,1088,0.018628832347718394
139,503,4.0516898608349905,0.9154017074990698,1,5,89,73.80715705765408,3385,3723,338,0.11636813574208826
140,1909,3.850707176532216,0.9600105763829526,1,5,148,137.2870612886328,3339,3723,384,-0.0846145485606864
141,496,3.8830645161290325,0.9526335023337437,1,5,75,91.06451612903226,3025,3731,706,-0.05225720896386976
142,9565,3.951594354417146,0.897192760822714,1,5,840,78.04882383690538,50,3730,3680,0.01627262932424367
143,366,4.103825136612022,0.9623809583865683,1,5,47,70.79781420765028,3145,3730,585,0.16850341151911952
144,545,3.9339449541284406,0.9885577156941825,1,5,98,63.58715596330275,2773,3728,955,-0.0013767709644616488
145,542,4.055350553505535,0.842866646465665,1,5,67,71.17527675276753,3478,3727,249,0.12002882841263318
146,4197,3.925184655706457,0.863753197256147,1,5,342,79.80748153442936,741,3716,2975,-0.010137069386445319
147,1498,3.8998664886515355,0.9264826256563624,1,5,150,59.34178905206942,1252,3725,2473,-0.03545523644136672
148,192,4.34375,0.7702331869659118,1,5,53,57.041666666666664,3403,3726,323,0.40842827490709777
149,1400,3.9,0.8720913055266201,1,5,230,85.57214285714285,3322,3730,408,-0.03532172509290232
150,2523,3.8874355925485533,0.9549802071188784,1,5,236,95.69005152596115,3060,3722,662,-0.047886132544348925
151,243,4.131687242798354,1.0077919736281435,1,5,72,57.47325102880659,3509,3729,220,0.19636551770545196
152,5211,3.9316829783151026,0.89503633787631,1,5,380,63.80886586067933,543,3731,3188,-0.0036387467777996285
153,324,3.978395061728395,0.8777412000930931,1,5,49,59.21913580246913,3261,3725,464,0.043073336635492954
154,2034,3.904621435594887,0.9255345189922632,1,5,163,42.55063913470993,2700,3706,1006,-0.030700289498015287
155,1019,3.8851815505397447,0.9718868698733257,1,5,126,59.32090284592738,2291,3716,1425,-0.05014017455315756
156,405,3.995061728395062,0.9595663772344196,1,5,72,72.75555555555556,3159,3724,565,0.05974000330215956
157,880,3.9375,0.9691266607836344,1,5,131,80.72613636363636,3165,3728,563,0.002178274907097766
158,368,4.176630434782608,0.9869986179163307,1,5,65,54.52445652173913,1336,3723,2387,0.2413087096897062
159,24,4.625,0.5757792451369144,3,5,16,55.208333333333336,3615,3727,112,0.6896782749070978
160,3946,3.9711099847947287,0.8962259325904128,1,5,459,66.02432843385706,2542,3729,1187,0.03578825970182642
161,209,4.124401913875598,1.025552267353177,1,5,59,53.1578947368421,3198,3722,524,0.18908018878269583
162,7743,3.961901071935942,0.9351043534960644,1,5,1010,76.9532480950536,489,3730,3241,0.026579346843039975
163,408,3.9705882352941178,0.8834362478351313,1,5,67,79.32352941176471,2520,3714,1194,0.03526651020121552
164,3558,3.8929173693086003,0.8998487233789392,1,5,310,75.81365935919055,3066,3730,664,-0.042404355784301906
165,1065,4.023474178403756,0.9320994299493709,1,5,67,56.38215962441315,2190,3647,1457,0.08815245331085375
166,3093,3.960556094406725,0.8709015721402049,1,5,258,91.62075654704171,1320,3729,2409,0.025234369313822835
167,4657,3.8902727077517714,0.8850283638528939,1,5,462,78.14236633025553,2699,3730,1031,-0.04504901734113087
168,862,3.8654292343387473,0.9808798055888174,1,5,157,63.48723897911833,3192,3727,535,-0.06989249075415493
169,3762,3.935672514619883,0.9175578763242588,1,5,378,66.14300903774588,668,3729,3061,0.00035078952698075483
170,4095,3.9553113553113555,0.9159635621553837,1,5,369,66.33699633699634,435,3729,3294,0.019989630218453236
171,577,4.181975736568457,0.9259872243654557,1,5,123,73.10918544194108,2729,3726,997,0.2466540114755551
172,1456,4.0776098901098905,0.943864281414599,1,5,162,61.690934065934066,864,3729,2865,0.14228816501698827
173,1860,3.998924731182796,0.8709024859930398,1,5,251,68.9758064516129,2890,3731,841,0.06360300608989355
174,2723,3.963643040763863,0.9624471055316353,1,5,268,131.3650385604113,1770,3730,1960,0.028321315670960967
175,10513,3.970893179872539,0.8862799411253708,1,5,927,87.17996765908875,1507,3731,2224,0.035571454779636635
176,3334,3.91121775644871,0.905647920876708,1,5,387,63.51859628074385,673,3730,3057,-0.024103968644192175
177,14884,3.9478634775597956,0.8913095491442775,1,5,1240,77.58035474334856,164,3729,3565,0.012541752466893374
178,1094,3.8446069469835464,1.0649464165255613,1,5,164,116.91224862888483,3151,3726,575,-0.0907147781093558
179,591,3.8764805414551606,1.0016791660703375,1,5,49,57.323181049069376,3254,3714,460,-0.0588411836377416
180,225,3.7022222222222223,1.02436585106367,1,5,28,42.702222222222225,3565,3709,144,-0.23309950287067993
181,2541,3.83077528532074,0.9418597310782222,1,5,178,70.32073986619442,1536,3729,2193,-0.10454643977216227
182,7113,3.905384507240264,0.9104538922121793,1,5,395,140.35146914100943,1689,3731,2042,-0.02993721785263803
183,256,4.1640625,1.0272929875906587,1,5,67,93.61328125,3488,3730,242,0.22874077490709777
184,338,3.9467455621301775,1.1017135562364129,1,5,58,82.4733727810651,3564,3721,157,0.01142383703727523
185,1422,3.919127988748242,0.9317677911056518,1,5,212,50.082981715893105,2294,3725,1431,-0.01619373634466026
186,3153,3.921344751030764,0.9442743397098106,1,5,370,78.43101807802093,1141,3729,2588,-0.013976974062138048
187,1941,3.8330757341576507,0.942117744372424,1,5,204,56.427614631633176,1840,3728,1888,-0.10224599093525155
188,465,4.077419354838709,0.7673466701071834,1,5,55,94.55698924731183,2988,3723,735,0.1420976297458072
189,361,4.008310249307479,1.0178614144536322,1,5,62,97.82271468144044,3132,3725,593,0.07298852421457713
190,2079,4.0,0.9050175608078265,1,5,227,66.58778258778258,2018,3727,1709,0.06467827490709777
191,1862,3.9640171858216973,0.9671079416462782,1,5,163,96.01772287862514,2519,3722,1203,0.02869546072879503
192,5482,3.885260853703028,0.9043700868363902,1,5,505,75.99470995986866,2357,3730,1373,-0.05006087138987425
193,1780,3.9702247191011235,0.939251466079817,1,5,243,68.71404494382023,2573,3730,1157,0.03490299400822128
194,1778,3.9319460067491563,0.9153125757469779,1,5,168,66.07761529808774,2586,3729,1143,-0.003375718343745948
195,3743,3.976489446967673,0.9467278976955447,1,5,436,41.53459791611007,337,3704,3367,0.0411677218747708
196,941,4.034006376195537,0.9525507726244228,1,5,100,54.12858660998937,2886,3716,830,0.09868465110263447
197,1381,3.9905865314989137,0.8866471713461606,1,5,89,86.10137581462708,3160,3729,569,0.0552648064060115
198,1375,3.963636363636364,0.877580129494738,1,5,197,49.29090909090909,2873,3729,856,0.028314638543461612
199,313,4.127795527156549,0.9352227537236748,1,5,80,72.97124600638978,3200,3727,527,0.19247380206364717
200,1790,3.9798882681564245,0.8812296333302582,1,5,106,79.50279329608938,2096,3705,1609,0.04456654306352226
201,1001,4.034965034965035,0.8931831972088496,1,5,120,86.34465534465535,3260,3730,470,0.09964330987213277
202,5819,3.981268259151057,0.9367188039154045,1,5,683,70.72692902560577,941,3730,2789,0.04594653405815485
203,1971,4.011669203450025,0.8889426812332133,1,5,198,62.44190766108574,3185,3729,544,0.07634747835712297
204,3095,3.922778675282714,0.8745751768406672,1,5,359,60.01486268174475,1972,3728,1756,-0.01254304981018839
205,787,3.9491740787801777,0.9135445070439299,1,5,148,44.84498094027954,3216,3725,509,0.013852353687275443
206,976,4.028688524590164,0.8564666361166668,1,5,71,37.85143442622951,2438,3731,1293,0.09336679949726179
207,1746,3.9994272623138603,0.9439900159925364,1,5,189,94.78865979381443,1239,3728,2489,0.06410553722095802
208,466,3.88412017167382,1.0793690802196272,1,5,122,61.506437768240346,1740,3729,1989,-0.05120155341908239
209,5385,3.9740018570102134,0.9277743683675573,1,5,580,67.77418755803157,174,3729,3555,0.03868013191731112
210,213,3.755868544600939,0.8503749570299133,1,5,23,27.849765258215964,3425,3690,265,-0.17945318049196324
211,27205,3.9383201617349752,0.9248823375490647,1,5,2858,58.43793420327146,1258,3731,2473,0.002998436642072999
212,6516,3.904235727440147,0.8963337189211428,1,5,470,88.88275015346838,2527,3730,1203,-0.031085997652755104
213,804,3.9751243781094527,0.9198939293733099,1,5,101,36.80597014925373,2881,3723,842,0.039802653016550504
214,3105,3.8673107890499194,0.903053961745877,1,5,238,68.88856682769726,1145,3709,2564,-0.0680109360429828
215,6943,3.990782082673196,0.8897290020580971,1,5,759,67.25378078640357,1771,3730,1959,0.055460357580293884
216,277,4.050541516245487,0.8708075936267339,1,5,23,42.851985559566785,3064,3695,631,0.11521979115258496
217,28,4.321428571428571,0.944911182523068,2,5,13,64.21428571428571,3165,3710,545,0.38610684633566894
218,1690,4.010650887573965,0.8745491214291979,1,5,129,62.969822485207104,2370,3727,1357,0.07532916248106236
219,983,3.817904374364191,1.0042703540398117,1,5,72,71.95523906408953,3311,3728,417,-0.11741735072871107
220,13408,3.9079653937947496,0.8837235724890091,1,5,985,75.29049821002387,613,3730,3117,-0.027356331298152625
221,1882,3.853347502656748,0.9482976467116102,1,5,209,58.758235919234856,2260,3713,1453,-0.08197422243615415
222,6573,3.894112277498859,0.9186561463392153,1,5,528,68.54663015365891,1071,3729,2658,-0.041209447594043436
223,643,4.046656298600311,0.8634137771269895,1,5,86,81.48678071539658,3447,3700,253,0.11133457350740894
224,4339,3.916109702696474,0.886279818138718,1,5,353,92.87577782899285,3025,3730,705,-0.019212022396428274
225,723,3.966804979253112,0.9497071421338517,1,5,36,67.6957123098202,1515,3640,2125,0.03148325416020992
226,344,4.125,0.9377489951167983,1,5,39,119.17441860465117,3367,3725,358,0.18967827490709777
227,4595,3.958215451577802,0.9204276521506074,1,5,519,103.05027203482045,2420,3726,1306,0.022893726484899624
228,3430,4.07463556851312,0.8699133772339251,1,5,344,45.92565597667638,360,3726,3366,0.1393138434202177
229,596,4.028523489932886,0.8835709638658296,1,5,76,114.8993288590604,3489,3730,241,0.09320176483998388
230,3490,3.9346704871060174,0.9785760197275605,1,5,318,126.66131805157593,3014,3727,713,-0.0006512379868848228
231,3413,3.914737767360094,0.9030021392619513,1,5,310,71.09024318781131,2528,3727,1199,-0.02058395773280841
232,274,4.178832116788321,0.8940938201652963,1,5,121,50.956204379562045,2981,3728,747,0.24351039169541888
233,52,4.1923076923076925,1.067128482230105,1,5,21,51.11538461538461,3507,3728,221,0.2569859672147903
234,2654,3.9118311981914093,0.97294120449374,1,5,293,72.93745290128109,2202,3729,1527,-0.023490526901492892
235,1453,3.883688919476944,0.8748645811745189,1,5,156,91.17343427391603,3252,3726,474,-0.051632805615958066
236,2964,3.956140350877193,0.9160322968952148,1,5,282,53.64912280701754,3181,3730,549,0.020818625784290834
237,4217,3.9587384396490397,0.9257055989383546,1,5,602,87.17524306378942,2433,3728,1295,0.023416714556137475
238,120,4.05,1.0988917258811643,1,5,28,92.86666666666666,3346,3702,356,0.11467827490709759
239,3956,3.9208796764408493,0.8756049508877916,1,5,335,74.79802831142568,873,3728,2855,-0.014442048652052897
240,2024,4.085968379446641,0.8957088621765753,1,5,254,79.79891304347827,841,3728,2887,0.15064665435373836
241,138,4.202898550724638,0.7265498941965434,1,5,21,158.65217391304347,3406,3711,305,0.26757682563173546
242,1429,3.9888033589923024,0.8508608483730056,1,5,116,186.8215535339398,3688,3731,43,0.053481633899400194
243,13223,3.9067533842547078,0.9650536840655958,1,5,1443,78.2710428798306,1180,3730,2550,-0.028568340838194484
244,2364,4.021573604060913,0.8264306504820825,1,5,227,60.815143824027075,2718,3729,1011,0.08625187896801112
245,2069,4.08313194780087,0.906590234599462,1,5,242,61.05944900918318,2330,3726,1396,0.1478102227079674
246,889,4.048368953880765,0.9035217226826244,1,5,68,74.12260967379078,3146,3730,584,0.11304722878786233
247,55509,3.9507467257561837,0.919445372477721,1,5,7378,77.62238555909852,1217,3730,2513,0.015425000663281452
248,795,4.0150943396226415,0.8574895024175703,1,5,90,54.4566037735849,2192,3711,1519,0.07977261452973927
249,483,3.8364389233954452,0.9156077216213365,1,5,41,86.76190476190476,3420,3719,299,-0.098882801697457
250,12205,3.960835723064318,0.913915128255323,1,5,1191,95.7654240065547,969,3729,2760,0.025513997971415847
251,21371,3.9164288053904825,0.8895152246487734,1,5,1834,97.54513125263207,676,3730,3054,-0.018892919702419686
252,663,4.051282051282051,0.9895652027115437,1,5,110,76.57767722473605,3111,3722,611,0.11596032618914887
253,4679,3.9222055994870697,0.8577393104634164,1,5,320,80.8213293438769,2511,3730,1219,-0.01311612560583253
254,1201,3.900083263946711,0.9556891020242961,1,5,124,78.48959200666111,3109,3722,613,-0.035238461146191113
255,3435,3.983406113537118,0.9442919508451146,1,5,457,71.12780203784571,784,3728,2944,0.0480843884442157
256,7834,3.9149859586418176,0.8873323468632216,1,5,600,73.71125861628798,3108,3729,621,-0.02033576645108459
257,5006,3.9178985217738713,0.9078695013372537,1,5,613,64.1600079904115,299,3728,3429,-0.01742320331903091
258,13848,3.918833044482958,0.9045901076979357,1,5,1151,55.0831166955517,1836,3723,1887,-0.01648868060994424
259,5033,3.8505861315318897,0.9157299609977785,1,5,444,77.18736340154977,1632,3729,2097,-0.08473559356101257
260,1260,4.021428571428571,0.9877813605952986,1,5,136,63.97857142857143,2864,3729,865,0.08610684633566912
261,6400,3.8584375,0.9485716369849277,1,5,553,62.20515625,507,3730,3223,-0.07688422509290227
262,483,3.971014492753623,0.9418730818317036,1,5,72,51.227743271221534,3478,3721,243,0.035692767660720826
263,12942,3.921573172616288,0.9059555662392085,1,5,1140,109.00193169525576,1311,3730,2419,-0.013748552476614329
264,2210,3.948868778280543,0.8593274797739546,1,5,178,93.0185520361991,3571,3731,160,0.013547053187640934
265,351,4.045584045584046,0.9059653971169656,1,5,51,141.07122507122506,3190,3717,527,0.11026232049114348
266,2116,4.021266540642722,0.921516636031482,1,5,353,73.85255198487712,3101,3729,628,0.08594481554982014
267,1697,3.8762522097819683,0.9195251556234981,1,5,209,65.72480848556276,452,3725,3273,-0.05906951531093396
268,1395,3.9663082437275987,0.8668187882486337,1,5,177,72.25089605734767,3048,3730,682,0.03098651863469648
269,474,4.050632911392405,0.8183735870390595,1,5,31,102.13502109704642,3667,3729,62,0.1153111862995031
270,2114,3.877483443708609,0.9129836495287983,1,5,221,79.76064333017976,2373,3723,1350,-0.05783828138429303
271,2841,3.8961633227736714,0.9254553847111837,1,5,305,79.75853572685673,3349,3730,381,-0.039158402319230845
272,1352,4.024408284023669,0.8377627526787538,1,5,142,65.69600591715977,3435,3729,294,0.08908655893076656
273,8565,3.9361354349095157,0.9283073648454395,1,5,810,76.89889083479277,369,3726,3357,0.0008137098166134393
274,2539,4.08546671918078,0.9717145696454376,1,5,494,62.574241827491136,2115,3728,1613,0.15014499408787785
275,1829,3.943685073810826,0.9323975479479345,1,5,227,64.5199562602515,209,3725,3516,0.008363348717923547
276,5425,3.9102304147465436,0.9443671512543627,1,5,570,75.11428571428571,348,3729,3381,-0.025091310346358586
277,16190,3.9981470043236564,0.9125701406158437,1,5,1870,42.840024706609015,209,3728,3519,0.0628252792307542
278,3668,3.982279171210469,0.9572037020527704,1,5,497,74.36177753544166,2500,3730,1230,0.0469574461175668
279,1407,3.9836531627576406,0.9317476286460302,1,5,98,203.6545842217484,2731,3722,991,0.04833143766473835
280,1199,4.047539616346956,0.8254559330369059,1,5,153,51.445371142618846,2784,3729,945,0.1122178912540539
281,702,3.9586894586894585,0.9433315731605362,1,5,99,73.63105413105413,2362,3722,1360,0.023367733596556306
282,4676,3.9736954662104362,0.8642346361860995,1,5,388,68.687125748503,1893,3730,1837,0.038373741117534
283,2992,3.9468582887700534,0.9480928908571642,1,5,346,76.0822192513369,1735,3708,1973,0.011536563677151168
284,2524,3.944928684627575,0.8621482922498098,1,5,251,61.62519809825674,1616,3729,2113,0.009606959534672832
285,2146,3.863466915191053,0.909159761207598,1,5,146,62.37604846225536,2007,3715,1708,-0.07185480990184923
286,2562,4.007416081186573,0.9206849169532086,1,5,267,61.70062451209992,2600,3729,1129,0.07209435609367087
287,3229,3.9863734902446577,0.8911308191247335,1,5,301,82.82626200061938,2300,3725,1425,0.05105176515175547
288,1368,3.861111111111111,0.8936134904465431,1,5,191,77.33698830409357,656,3667,3011,-0.07421061398179107
289,13181,3.985054244746226,0.9072317650047359,1,5,1176,59.22471739625218,462,3730,3268,0.04973251965332359
290,773,4.217335058214748,0.8558604056524816,1,5,130,74.53298835705046,1095,3728,2633,0.28201333312184573
291,724,4.029005524861878,1.041590763914268,1,5,206,63.58701657458563,695,3731,3036,0.0936837997689759
292,3997,3.878909181886415,0.9089412440820639,1,5,305,64.20665499124344,675,3709,3034,-0.05641254320648725
293,84,4.0476190476190474,0.9682273195295718,2,5,27,71.33333333333333,3167,3729,562,0.11229732252614522
294,2215,3.927765237020316,0.8917068572162751,1,5,146,60.01444695259594,1993,3644,1651,-0.007556488072586021
295,9946,3.9302232053086668,0.8777212889547493,1,5,617,81.06293987532676,1016,3729,2713,-0.005098519784235478
296,6653,3.8928303021193447,0.9154408068945287,1,5,616,74.85780850744025,2293,3730,1437,-0.04249142297355757
297,230,4.086956521739131,0.9351479101307504,1,5,64,59.82608695652174,3318,3728,410,0.1516347966462286
298,1427,3.9145059565522073,0.9156461887579365,1,5,131,62.80238262088297,2443,3730,1287,-0.02081576854069489
299,1307,3.898240244835501,0.9446658307701977,1,5,148,83.35118592195869,2984,3728,744,-0.0370814802574011
300,3153,3.9793847129717728,0.8894581433740744,1,5,409,88.71233745639074,1941,3730,1789,0.04406298787887053
301,898,3.989977728285078,0.9026838464233853,1,5,146,53.32071269487751,2790,3729,939,0.054656003192175895
302,14121,3.913178953331917,0.9120517214218199,1,5,1017,64.11649316620635,417,3730,3313,-0.022142771760985447
303,680,4.019117647058824,0.9453019018794785,1,5,62,144.51176470588234,3514,3726,212,0.08379592196592167
304,1362,3.9287812041116004,0.8965981002744442,1,5,107,94.11674008810573,3218,3729,511,-0.006540520981301867
305,2249,4.025789239662072,0.8839474469742395,1,5,203,77.98799466429524,1946,3717,1771,0.0904675145691698
306,2487,3.862082830719743,0.9294706516353045,1,5,324,67.05991154000804,3194,3731,537,-0.07323889437315945
307,2410,3.966804979253112,0.9585308562497269,1,5,300,77.0966804979253,3292,3730,438,0.03148325416020992
308,11374,3.9060137154914716,0.9194465332663025,1,5,1689,85.30789519957798,217,3730,3513,-0.02930800960143065
309,877,3.9828962371721777,0.9464807704385889,1,5,208,58.82554161915621,260,3728,3468,0.04757451207927543
310,5061,3.936573799644339,0.9217014887290041,1,5,621,60.80794309425015,369,3728,3359,0.0012520745514366105
311,144,4.0625,0.768421777393137,2,5,20,83.09722222222223,3587,3701,114,0.12717827490709777
312,12134,3.9160210977418823,0.9451026125280195,1,5,1108,85.4765946925993,1501,3728,2227,-0.019300627351019894
313,561,4.03030303030303,0.8969042476414243,1,5,78,129.79679144385025,3397,3724,327,0.09498130521012804
314,1069,3.921421889616464,0.8812441402720596,1,5,136,49.507015902712816,542,3717,3175,-0.013899835476438138
315,566,3.9681978798586575,0.9192412818327872,1,5,104,45.36572438162544,2084,3728,1644,0.03287615476575523
316,769,3.881664499349805,1.013085909075706,1,5,127,52.853055916775034,2929,3728,799,-0.05365722574309739
317,2219,4.007210455159982,0.8764745742538929,1,5,247,63.18837314105453,2817,3729,912,0.07188873006708008
318,287,4.13588850174216,0.9889252986277225,1,5,56,75.397212543554,2883,3692,809,0.20056677664925804
319,2856,3.8830532212885154,0.9276714678876767,1,5,240,73.97934173669468,1875,3722,1847,-0.05226850380438686
320,3325,3.8893233082706766,0.8873477187439943,1,5,305,85.82375939849624,2952,3730,778,-0.04599841682222561
321,6103,3.9293789939374077,0.9070684901838829,1,5,378,67.18613796493528,910,3728,2818,-0.005942731155494485
322,766,4.066579634464752,0.9313735998722265,1,5,133,53.83289817232376,1936,3729,1793,0.13125790937184956
323,2443,4.009005321326239,0.9499777752757934,1,5,262,63.01391731477691,2168,3729,1561,0.07368359623333642
324,2845,3.9033391915641475,0.9110237278239669,1,5,185,59.878734622144115,1845,3728,1883,-0.031982533528754686
325,1140,3.968421052631579,0.8509990812305602,1,5,94,60.708771929824564,1631,3726,2095,0.033099327538676615
326,1525,3.8714754098360658,0.9477176549458058,1,5,102,58.487868852459016,2599,3716,1117,-0.06384631525683648
327,266,3.8947368421052633,0.9337541019665854,1,5,28,38.55263157894737,3332,3728,396,-0.04058488298763896
328,1515,3.925412541254125,0.8770415387773245,1,5,138,60.46336633663366,1371,3721,2350,-0.009909183838777036
329,406,4.0492610837438425,1.0363930546688045,1,5,82,39.470443349753694,3022,3729,707,0.11393935865094029
330,3825,3.9173856209150326,0.9116135082035662,1,5,304,63.50143790849673,350,3717,3367,-0.017936104177869616
331,1851,3.9773095623987036,0.9372319801734592,1,5,252,67.52512155591572,2722,3728,1006,0.04198783730580136
332,343,4.078717201166181,1.0041938892262765,1,5,53,28.661807580174926,3013,3677,664,0.14339547607327852
333,6907,4.003040393803388,0.9106424339940007,1,5,803,100.7887650209932,2316,3730,1414,0.06771866871048537
334,1842,3.96199782844734,0.9209198363139544,1,5,227,58.91910966340934,2964,3729,765,0.026676103354437597
335,936,3.9326923076923075,0.918473282972536,1,5,129,46.6474358974359,2995,3730,735,-0.002629417400594747
336,2532,3.9324644549763033,0.8910307319231524,1,5,243,50.766982622432856,947,3727,2780,-0.0028572701165989756
337,1590,4.047169811320755,0.962304719886069,1,5,228,58.34905660377358,669,3728,3059,0.11184808622785258
338,3355,3.9099850968703427,0.9392418026052356,1,5,437,72.92757078986587,1000,3729,2729,-0.025336628222559554
339,3855,3.914396887159533,0.9526614418144245,1,5,324,72.2378728923476,2149,3729,1580,-0.0209248379333693
340,138,4.471014492753623,0.7940658468486681,1,5,49,50.95652173913044,3062,3728,666,0.5356927676607208
341,341,3.870967741935484,0.9856657658139161,1,5,53,88.25806451612904,3371,3726,355,-0.06435398315741825
342,1249,3.9191353082465974,0.9149894327069956,1,5,181,57.0,2205,3729,1524,-0.01618641684630484
343,3011,3.9239455330455,0.9120062086450486,1,5,283,70.72932580538027,829,3730,2901,-0.011376192047402256
344,194,4.221649484536083,0.953502059263879,1,5,89,55.871134020618555,3466,3724,258,0.28632775944318034
345,4193,3.9668495110899116,0.9252078477594643,1,5,388,119.13093250655855,2418,3727,1309,0.03152778599700934
346,1027,3.8860759493670884,0.9436723122051232,1,5,150,52.350535540408956,3065,3729,664,-0.04924577572581379
347,894,4.1644295302013425,0.9540559137271818,1,5,118,51.83557046979866,3343,3729,386,0.2291078051084403
348,3273,3.9422548120989918,0.9121038443214721,1,5,292,94.36969141460433,775,3725,2950,0.006933087006089522
349,1184,4.0329391891891895,0.9035084108844734,1,5,108,96.19847972972973,3384,3730,346,0.09761746409628724
350,624,3.921474358974359,1.0081149419084643,1,5,75,82.1426282051282,3466,3725,259,-0.013847366118543203
351,5495,3.914649681528662,0.9216652420826239,1,5,519,62.13976342129208,401,3729,3328,-0.020672043564240017
352,6200,3.950967741935484,0.8917081593492204,1,5,694,55.526774193548384,666,3731,3065,0.015646016842581822
353,7747,3.944752807538402,0.9621251303967602,1,5,778,80.61197883051504,787,3730,2943,0.00943108244549995
354,187,4.021390374331551,0.9444644568375397,1,5,37,46.19786096256684,623,3593,2970,0.08606864923864865
355,253,3.9802371541501977,0.940493761256978,1,5,26,101.3794466403162,2274,3674,1400,0.04491542905729551
356,1607,3.9751088985687617,0.8538989604072176,1,5,114,47.01120099564406,539,3686,3147,0.03978717347585947
357,277,4.050541516245487,1.0889637721256111,1,5,102,65.83032490974729,3320,3729,409,0.11521979115258496
358,7667,3.8685274553280293,0.8893575829663137,1,5,553,66.22772922916396,561,3729,3168,-0.0667942697648729
359,7775,3.862765273311897,0.9056727821902805,1,5,534,66.02430868167203,2011,3728,1717,-0.07255645178100512
360,560,4.060714285714286,0.9438016550194103,1,5,88,68.94821428571429,2817,3730,913,0.1253925606213837
361,4022,3.902784684236698,0.91180175753704,1,5,306,73.75459970164097,3203,3729,526,-0.032537040856204236
362,2477,3.87363746467501,0.9946237804505956,1,5,243,78.25514735567218,3191,3730,539,-0.06168426041789221
363,16328,3.9514943655071044,0.9222743828206312,1,5,2075,73.2234811366977,162,3728,3566,0.01617264041420219
364,5036,3.9648530579825256,0.888722121468945,1,5,365,66.72597299444003,2151,3730,1579,0.029531332889623396
365,866,3.9711316397228638,0.9125194057596506,1,5,99,95.93418013856812,1787,3728,1941,0.035809914629961526
366,8898,3.9574061586873457,0.8865546791213039,1,5,1045,83.16318273769386,2615,3730,1115,0.022084433594443453
367,494,3.925101214574899,0.9298179116156023,1,5,68,47.19433198380567,3518,3729,211,-0.010220510518003323
368,2333,3.8709815687955422,0.921015699904983,1,5,148,136.8782683240463,3390,3730,340,-0.06434015629736001
369,1227,3.951915240423798,0.9351583857898368,1,5,166,63.480032599837,2510,3729,1219,0.016593515330895592
370,1909,4.031430068098481,0.8925836394501607,1,5,164,59.027239392352016,1323,3723,2400,0.09610834300557869
371,5885,3.960747663551402,0.9119954357115674,1,5,523,85.568054375531,2500,3731,1231,0.02542593845849961
372,1131,3.9681697612732094,0.9278646679080235,1,5,127,89.9867374005305,2929,3729,800,0.03284803618030718
373,1958,3.9489274770173646,0.973562839682838,1,5,217,60.81664964249234,1541,3730,2189,0.01360575192446234
374,1887,3.989401165871754,0.8994484062363677,1,5,192,60.71383147853736,2245,3721,1476,0.05407944077885185
375,1736,3.8744239631336406,1.007929490684744,1,5,425,65.8963133640553,595,3730,3135,-0.060897761959261665
376,4546,4.028596568411791,0.8983890295569437,1,5,424,75.73669159700836,527,3730,3203,0.09327484331888858
377,5628,3.882551528073916,0.9142520776954464,1,5,506,90.14392324093816,311,3728,3417,-0.05277019701898622
378,2311,4.013414106447425,0.9056303352909455,1,5,311,77.12245781047166,1186,3728,2542,0.0780923813545229
379,11872,3.942638140161725,0.8906111125367321,1,5,993,85.21074797843666,611,3727,3116,0.007316415068822746
380,7021,3.968807862127902,0.9121035548906496,1,5,754,77.0827517447657,2349,3729,1380,0.0334861370349997
381,378,4.132275132275132,0.8941101757219624,1,5,65,55.457671957671955,3232,3729,497,0.19695340718222987
382,2257,3.9902525476295967,0.8766538463574245,1,5,196,53.78023925564909,2619,3722,1103,0.05493082253669446
383,5768,3.9195561719833565,0.9278342398246527,1,5,572,72.02305825242719,2436,3730,1294,-0.01576555310954575
384,254,4.02755905511811,0.9836752223874626,1,5,57,60.161417322834644,2371,3726,1355,0.09223733002520795
385,271,4.118081180811808,0.8611392157722367,1,5,37,78.75276752767527,3501,3730,229,0.18275945571890606
386,7316,3.9060962274466924,0.9221574237536616,1,5,699,57.70379989065063,381,3730,3349,-0.029225497646209853
387,490,3.987755102040816,0.8459291797314683,1,5,66,43.840816326530614,3494,3729,235,0.052433376947913946
388,773,4.058214747736093,0.8803999447023844,1,5,74,85.25873221216041,1657,3729,2072,0.1228930226431908
389,2171,3.9525564256103176,0.9332845007672026,1,5,152,101.06356517733764,3055,3729,674,0.01723470051741538
390,36,4.444444444444445,0.7725447539304092,3,5,16,59.361111111111114,3648,3727,79,0.5091227193515424
391,2900,3.8417241379310343,0.9118346079731022,1,5,273,69.0051724137931,1872,3728,1856,-0.09359758716186795
392,1792,3.9681919642857144,0.914913640334954,1,5,183,79.80580357142857,2725,3724,999,0.03287023919281218
393,1462,4.032831737346101,0.8216875827505237,1,5,150,67.0170998632011,3371,3729,358,0.09751001225319911
394,417,4.07673860911271,0.8371545850671916,1,5,70,65.99280575539568,3514,3730,216,0.141416884019808
395,235,4.272340425531915,0.8386247716033829,1,5,64,59.11063829787234,3629,3730,101,0.33701870043901305
396,8100,3.9145679012345678,0.9233415929134182,1,5,512,66.45370370370371,1712,3718,2006,-0.020753823858334464
397,250,4.16,0.9727202778578348,1,5,72,62.016,3559,3720,161,0.2246782749070979
398,8426,3.876335153097555,0.9143200505512696,1,5,598,85.04046997389034,2725,3730,1005,-0.05898657199534707
399,1928,3.9159751037344397,0.9454196704627335,1,5,274,65.33454356846472,2152,3730,1578,-0.019346621358462546
400,5783,3.9474321286529483,0.9330789615645825,1,5,553,65.40186754279786,2405,3730,1325,0.012110403560046112
401,4266,3.9088138771683076,0.9112464696990134,1,5,434,63.62564463197375,358,3728,3370,-0.026507847924594596
402,8295,3.9561181434599155,0.8785707398944748,1,5,717,63.57516576250754,569,3726,3157,0.020796418367013292
403,608,3.9654605263157894,1.061746619075384,1,5,135,50.75986842105263,1398,3726,2328,0.030138801222887146
404,3047,3.9176238923531344,0.8936052817290331,1,5,335,69.08204791598294,450,3730,3280,-0.017697832739767883
405,4675,3.9557219251336897,0.9025986396753255,1,5,905,69.11786096256685,435,3730,3295,0.020400200040787464
406,874,3.84324942791762,1.0025883864535077,1,5,161,79.53546910755149,2219,3729,1510,-0.09207229717528209
407,599,3.9432387312186976,0.9625687803782761,1,5,69,61.19031719532554,3113,3724,611,0.007917006125795378
408,257,3.9610894941634243,1.0636223758297674,1,5,95,90.4863813229572,3121,3727,606,0.02576776907052203
409,859,4.104772991850989,0.8613498586192316,1,5,59,77.69033760186264,3241,3719,478,0.1694512667580872
410,13255,3.9296869105997736,0.8975961812156388,1,5,1174,73.66442851754056,509,3730,3221,-0.005634814493128637
411,1187,3.9275484414490314,0.9837504233376708,1,5,186,54.3167649536647,2961,3729,768,-0.007773283643870865
412,12283,3.9765529593747457,0.9098444411232185,1,5,1387,64.35398518277294,2505,3731,1226,0.0412312342818435
413,5180,3.8554054054054054,0.9291048837699156,1,5,356,72.61505791505792,1173,3729,2556,-0.0799163196874968
414,25400,3.954724409448819,0.8939589959054837,1,5,2292,81.81972440944882,1936,3729,1793,0.019402684355916744
415,358,4.103351955307263,0.8874726928432136,1,5,23,119.59217877094972,3621,3730,109,0.16803023021436037
416,21249,3.9127488352393054,0.9162048371828359,1,5,2183,86.77683655701445,376,3730,3354,-0.022572889853596845
417,8231,3.9870003644757626,0.9620760914349147,1,5,998,72.62896367391568,1430,3727,2297,0.051678639382860325
418,274,3.9744525547445257,0.9392171314903832,1,5,27,61.74087591240876,3316,3701,385,0.03913082965162351
419,1733,3.9053664166185804,0.8571395889904353,1,5,110,60.87882285054818,2703,3726,1023,-0.029955308474321818
420,5714,3.9408470423521176,0.9353330654597751,1,5,614,95.00490024501225,1342,3726,2384,0.0055253172592153454
421,695,4.207194244604317,0.847239991634626,1,5,100,75.06474820143885,2330,3707,1377,0.27187251951141445
422,4178,3.907611297271422,0.93072702959903,1,5,509,53.728338918142654,344,3723,3379,-0.027710427821480366
423,1700,3.8676470588235294,0.9424963372002255,1,5,239,76.95764705882353,3260,3730,470,-0.0676746662693728
424,349,3.974212034383954,0.9203446198463079,1,5,48,54.81948424068768,2700,3698,998,0.03889030929105175
425,1392,3.7579022988505746,1.0333800099386448,1,5,170,53.39870689655172,1580,3707,2127,-0.17741942624232765
426,839,3.8820023837902267,0.8582870185430753,1,5,37,61.580452920143024,2396,3697,1301,-0.05331934130267557
427,382,3.858638743455497,0.863926354379581,1,5,43,70.09162303664921,2589,3700,1111,-0.07668298163740506
428,1004,3.948207171314741,0.9309708120824828,1,5,175,66.61055776892431,2691,3723,1032,0.012885446221838848
429,234,4.068376068376068,1.1551452037110224,1,5,87,48.51282051282051,3377,3714,337,0.1330543432831659
430,153,3.9281045751633985,0.9740351174596937,1,5,25,177.3202614379085,3021,3684,663,-0.00721714992950373
431,499,4.034068136272545,0.9719157185799725,1,5,83,46.38476953907816,1469,3727,2258,0.09874641117964256
432,147,4.401360544217687,0.8573602681437265,1,5,44,43.61224489795919,3361,3711,350,0.46603881912478506
433,7062,3.9212687623902576,0.9014791721955753,1,5,523,107.28674596431605,558,3722,3164,-0.014052962702644667
434,464,3.8620689655172415,1.0044957405871238,1,5,67,61.63793103448276,3447,3731,284,-0.07325275957566069
435,610,3.8114754098360657,0.9920204392750619,1,5,94,54.86229508196721,3227,3719,492,-0.12384631525683654
436,1317,3.9544419134396356,0.9844021046565596,1,5,180,58.5375854214123,1482,3728,2246,0.019120188346733347
437,153,4.261437908496732,0.8942156356423074,1,5,56,63.6797385620915,3448,3722,274,0.32611618340382975
438,2407,3.912339011217283,0.9361368796420505,1,5,142,71.50934773577067,2983,3723,740,-0.022982713875619343
439,4891,3.9247597628296873,0.9597536741664184,1,5,952,86.25843385810673,2383,3730,1347,-0.01056196226321493
440,17103,3.881775127170672,0.9002705354621745,1,5,1116,72.88411389814652,470,3728,3258,-0.053546597922230266
441,544,4.0625,0.96711585423177,1,5,50,69.34558823529412,3072,3723,651,0.12717827490709777
442,7453,3.900711123037703,0.9507833755632433,1,5,895,64.60324701462498,393,3730,3337,-0.03461060205519928
443,38,4.368421052631579,1.0245909567890972,1,5,18,39.89473684210526,3416,3681,265,0.4330993275386765
444,8849,3.9198779523109955,0.8869274550942541,1,5,710,70.79658718499266,144,3730,3586,-0.015443772781906784
445,1414,3.804101838755304,0.9363071403661563,1,5,138,75.55869872701555,2793,3720,927,-0.13121988633759818
446,1128,3.9397163120567376,1.0240673941209808,1,5,184,60.133865248226954,2758,3720,962,0.004394586963835323
447,4787,3.9387925631919782,0.8909474409079109,1,5,425,68.21245038646333,244,3726,3482,0.0034708380990760013
448,10170,3.9866273352999015,0.9347994788459082,1,5,1359,66.98092428711898,411,3728,3317,0.05130561020699931
449,7646,3.8869997384253203,0.9343644835377303,1,5,812,68.8546952654983,204,3728,3524,-0.04832198666758192
450,2241,3.897367246764837,0.9162214882418073,1,5,137,69.99107541276216,2128,3723,1595,-0.0379544783280652
451,4334,3.8929395477618827,0.865302108124576,1,5,309,85.58952468850946,2937,3729,792,-0.042382177331019566
452,4556,3.9464442493415275,0.9149247204508467,1,5,430,107.11435469710273,179,3729,3550,0.011122524248625254
453,6368,3.9210113065326633,0.9263153376621366,1,5,618,85.56391331658291,3159,3731,572,-0.014310418560238958
454,17092,3.902527498244793,0.945523678264353,1,5,2158,66.0267961619471,138,3729,3591,-0.032794226848109176
455,1610,3.977639751552795,0.9095840200505526,1,5,132,55.74472049689441,2957,3730,773,0.0423180264598928
456,2635,3.966223908918406,0.9163978886469187,1,5,442,88.80645161290323,700,3731,3031,0.030902183825503915
457,1678,3.9427890345649583,1.0240133338399813,1,5,281,55.588200238379024,600,3728,3128,0.007467309472056094
458,3658,3.899125205030071,0.9047888878318052,1,5,440,50.481683980317115,2616,3730,1114,-0.03619652006283136
459,803,3.895392278953923,1.0302246271247475,1,5,97,60.58779576587796,3163,3730,567,-0.03992944613897942
460,222,3.9954954954954953,1.1395710384014364,1,5,37,45.42342342342342,3188,3724,536,0.060173770402593085
461,247,4.068825910931174,1.1003139971544598,1,5,95,46.17004048582996,2205,3726,1521,0.13350418583827217
462,2591,3.962562717097646,0.9058728557129616,1,5,288,93.45233500578927,2705,3729,1024,0.027240992004743614
463,2878,3.9298123697011813,0.9373533204553454,1,5,343,81.4447533009034,2844,3729,885,-0.005509355391720927
464,3916,3.935137895812053,0.863259590267066,1,5,350,147.18437180796732,3424,3730,306,-0.00018382928084914596
465,25680,3.9182632398753894,0.9794300631429896,1,5,3938,66.45529595015576,251,3730,3479,-0.017058485217512853
466,1418,3.9866008462623412,1.0345974899357517,1,5,184,85.02186177715092,2889,3727,838,0.051279121169439
467,10814,3.94729054928796,0.8950244006751719,1,5,895,68.69816904013317,237,3730,3493,0.011968824195057959
468,25258,3.9207379840050676,0.9289465310338487,1,5,3143,67.81728561247921,0,3730,3730,-0.014583741087834667
469,532,3.9135338345864663,0.9527663720355004,1,5,62,91.3327067669173,3251,3716,465,-0.021787890506435925
470,10998,3.882887797781415,0.9054189805696484,1,5,893,93.50736497545009,243,3729,3486,-0.05243392731148733
471,759,3.9472990777338604,0.92879185229717,1,5,96,66.15678524374177,3121,3729,608,0.011977352640958117
472,914,4.049234135667396,0.8442735808984144,1,5,99,92.34135667396062,3475,3729,254,0.11391241057449353
473,2778,3.9683225341972643,0.8862597732444811,1,5,265,64.25773938084953,2844,3729,885,0.033000809104362094
474,803,3.978829389788294,0.8508761068217282,1,5,113,57.25155666251557,895,3722,2827,0.04350766469539158
475,4004,3.941808191808192,0.8624398386649007,1,5,425,52.171828171828174,2128,3728,1600,0.00648646671528974
476,883,4.006795016987542,0.9196514361739302,1,5,113,55.080407701019254,3331,3719,388,0.07147329189464013
477,6500,3.9092307692307693,0.9073434958133014,1,5,510,90.61646153846154,1486,3729,2243,-0.026090955862132947
478,917,3.845147219193021,0.9901319357221587,1,5,110,72.1526717557252,3174,3719,545,-0.0901745058998813
479,4631,3.954869358669834,0.8802571409066005,1,5,415,91.85618656877564,2131,3729,1598,0.019547633576931567
480,1153,3.9488291413703385,0.986884881970109,1,5,207,70.70424978317433,2762,3728,966,0.013507416277436235
481,208,3.6923076923076925,1.0409668775392322,1,5,33,48.40384615384615,3527,3729,202,-0.24301403278520972
482,6372,3.87758945386064,0.8980803900922053,1,5,429,111.12570621468926,142,3724,3582,-0.0577322712322621
483,2485,3.9460764587525152,0.8724570237220196,1,5,261,78.15130784708249,412,3727,3315,0.010754733659612992
484,19035,3.9475702653007616,0.9315569869421173,1,5,1932,80.23630154977673,890,3730,2840,0.01224854020785937
485,2890,3.9678200692041523,0.9250199527164269,1,5,250,139.32698961937717,2523,3726,1203,0.03249834411125008
486,17753,3.920858446459753,0.9110324172011103,1,5,1511,59.58407029797781,436,3730,3294,-0.014463278633149113
487,97,4.103092783505154,1.0456709975186014,1,5,44,54.02061855670103,2907,3729,822,0.16777105841225204
488,1419,3.992248062015504,0.894630089059029,1,5,173,89.53206483439041,3136,3729,593,0.05692633692260163
489,4969,3.926745824109479,0.8712780837310138,1,5,508,71.3336687462266,372,3727,3355,-0.008575900983423423
490,8760,3.970319634703196,0.9293014700161019,1,5,913,118.28504566210046,446,3729,3283,0.03499790961029392
491,763,3.9121887287024903,0.9115161757275336,1,5,66,77.83355176933159,3388,3727,339,-0.023132996390411886
492,5099,3.960384389095901,0.9239413636734435,1,5,407,93.35889390076485,1926,3721,1795,0.025062664002998947
493,1714,3.879229871645274,0.976071143150881,1,5,282,68.31505250875146,2369,3713,1344,-0.056091853447628015
494,1277,3.980422866092404,0.9236150233329151,1,5,139,108.92717306186374,3408,3730,322,0.04510114099950169
495,5749,3.8834579926943817,0.9367540507247744,1,5,417,95.28457122977909,1264,3716,2452,-0.05186373239852049
496,3527,3.912673660334562,0.9157820098464677,1,5,292,76.99574709384746,823,3724,2901,-0.022648064758340247
497,2983,3.9346295675494467,0.9669683319984722,1,5,235,94.51290646999665,2592,3727,1135,-0.0006921575434555294
498,4573,3.931554778045047,0.867107782643502,1,5,298,71.10583861797507,2442,3729,1287,-0.003766947047855407
499,1673,3.9169157202630007,0.8637611385652559,1,5,166,74.73460848774657,3269,3729,460,-0.018406004829901512
500,359,4.0835654596100275,1.0695023593619248,1,5,75,39.289693593314766,3382,3730,348,0.14824373451712525
501,725,3.990344827586207,0.8449822759535011,1,5,58,63.83586206896552,2941,3722,781,0.055023102493304776
502,13845,3.917226435536295,0.895635404473633,1,5,1224,82.64239797760925,2187,3731,1544,-0.01809528955660733
503,933,4.113612004287245,0.9482065336273959,1,5,187,68.95605573419078,3195,3728,533,0.17829027919434282
504,249,4.2730923694779115,0.7865546524382051,1,5,45,47.54618473895582,3514,3712,198,0.33777064438500926
505,4527,4.0353434945880275,0.933297368052098,1,5,427,65.50872542522642,2717,3730,1013,0.10002176949512531
506,123,4.138211382113822,0.8230810096181151,2,5,35,92.76422764227642,3597,3731,134,0.20288965702091932
507,6049,3.894032071416763,0.9174847141455994,1,5,506,84.30649694164325,2185,3731,1546,-0.04128965367613935
508,8458,3.899976353747931,0.9000794832579774,1,5,632,90.05675100496572,2175,3729,1554,-0.03534537134497118
509,2382,3.9483627204030225,0.9230467907037342,1,5,261,74.7879932829555,2383,3728,1345,0.013040995310120262
510,23882,3.9553219998325098,0.9017133209546744,1,5,2560,61.23025709739553,13,3729,3716,0.020000274739607526
511,1911,3.9942438513867087,0.9051732304672865,1,5,218,73.62218733647305,1283,3731,2448,0.05892212629380644
512,360,4.166666666666667,0.8799848061489041,1,5,78,79.94722222222222,3544,3728,184,0.23134494157376473
513,235,4.276595744680851,0.8843880413450435,1,5,69,55.685106382978724,3510,3716,206,0.34127401958794845
514,3725,3.9683221476510067,0.9669986917105019,1,5,470,73.0751677852349,1072,3728,2656,0.033000422558104425
515,2772,3.9256854256854257,0.8915763611063163,1,5,347,70.72150072150072,3250,3730,480,-0.009636299407476567
516,1995,3.941854636591479,0.8916347944884899,1,5,149,50.3734335839599,406,3714,3308,0.006532911498576599
517,1803,3.810870770937327,0.9388952977153179,1,5,186,76.38824181919024,2912,3729,817,-0.12445095415557539
518,1644,3.951946472019465,0.8912927590203614,1,5,155,57.90815085158151,960,3730,2770,0.016624746926562572
519,5362,3.939388287952257,0.8860986963959576,1,5,492,58.76631853785901,738,3730,2992,0.004066562859354583
520,2326,3.9797936371453138,0.893477030878737,1,5,250,64.13026655202064,539,3723,3184,0.04447191205241152
521,16179,3.9518511650905497,0.9801936445235427,1,5,2072,85.95005871809136,374,3730,3356,0.016529439997647444
522,503,3.9840954274353875,0.9756729860645023,1,5,98,86.88469184890656,3144,3730,586,0.04877370234248524
523,3098,3.986442866365397,0.8739458062854777,1,5,414,99.41994835377663,2696,3730,1034,0.051121141272494786
524,12064,3.926392572944297,0.8896988288364043,1,5,924,84.4612897877984,2983,3731,748,-0.008929152148605013
525,1243,3.9629927594529364,0.9178396829089553,1,5,139,63.004827031375704,1245,3719,2474,0.027671034360034152
526,2414,3.865368682684341,0.8955488820805803,1,5,211,69.3927091963546,1948,3725,1777,-0.06995304240856104
527,1501,4.045303131245836,0.89028811331886,1,5,193,80.38640906062625,3078,3725,647,0.10998140615293384
528,4124,4.001212415130941,0.9167366033827014,1,5,474,59.15931134820563,2419,3730,1311,0.06589069003803871
529,684,3.8976608187134505,0.926932516769226,1,5,89,50.12719298245614,606,3629,3023,-0.03766090637945174
530,116,4.267241379310345,0.8273347319076422,2,5,38,60.03448275862069,3403,3730,327,0.33191965421744296
531,2178,3.946280991735537,0.9013629439092548,1,5,192,91.86960514233242,411,3705,3294,0.010959266642634802
532,819,3.95970695970696,0.9261682833500252,1,5,120,58.35409035409035,2820,3731,911,0.024385234614057616
533,2270,3.9766519823788546,0.8578475413334915,1,5,231,66.5942731277533,3258,3730,472,0.04133025728595241
534,301,3.9867109634551494,1.02947696081363,1,5,64,50.81063122923588,3161,3726,565,0.05138923836224718
535,1837,4.030484485574306,0.9353540417652214,1,5,286,91.03864997278171,849,3721,2872,0.09516276048140337
536,1640,3.8396341463414636,0.955643390338863,1,5,235,76.92743902439024,2963,3729,766,-0.09568757875143863
537,1931,3.881408596582082,0.9296059025192339,1,5,187,101.64267219057483,2866,3720,854,-0.05391312851082031
538,509,3.931237721021611,1.05795944602828,1,5,110,41.96463654223969,2879,3725,846,-0.004084004071291059
539,678,4.101769911504425,0.909475700818018,1,5,95,81.2330383480826,3211,3729,518,0.1664481864115226
540,8190,3.927350427350427,0.8822321450348268,1,5,573,91.02319902319903,1357,3728,2371,-0.00797129774247507
541,772,4.091968911917099,0.8646916090715898,1,5,50,96.93005181347151,3645,3730,85,0.15664718682419654
542,28109,3.9426162439076453,0.9438942675255051,1,5,4716,52.350243694190475,297,3730,3433,0.007294518814743078
543,860,3.890697674418605,0.9551804596976939,1,5,95,49.50232558139535,3017,3705,688,-0.04462405067429742
544,3571,3.95491458975077,0.8921916565888739,1,5,385,69.61271352562308,1610,3728,2118,0.019592864657867803
545,968,3.9927685950413223,0.9748382413825004,1,5,98,81.02582644628099,3087,3731,644,0.057446869948420076
546,88,4.045454545454546,1.0384459090179483,1,5,18,151.6590909090909,3651,3729,78,0.11013282036164362
547,2560,3.892578125,0.8931721779252293,1,5,223,112.75703125,2637,3730,1093,-0.042743600092902234
548,19167,3.9353576459539834,0.8956545215559207,1,5,1618,57.34689831481192,419,3729,3310,3.592086108117343e-05
549,4394,3.89804278561675,0.9227285580251647,1,5,479,52.78379608557123,1861,3727,1866,-0.03727893947615213
550,4876,3.8617719442165708,0.9194016215022234,1,5,552,78.15114848236259,1869,3728,1859,-0.07354978087633146
551,1040,3.979807692307692,0.8722962966788718,1,5,81,68.1923076923077,3494,3729,235,0.04448596721478992
552,1282,3.9625585023400935,0.9080276934362141,1,5,154,86.7191887675507,2595,3729,1134,0.027236777247191313
553,302,4.043046357615894,0.982302531618728,1,5,59,94.94701986754967,2616,3727,1111,0.10772463252299147
554,1248,3.8878205128205128,0.9495260590443145,1,5,150,126.87580128205128,3367,3730,363,-0.04750121227238946
555,38354,4.015669812796579,0.9269400500009195,1,5,6632,57.581086718464825,616,3730,3114,0.08034808770367707
556,1196,3.968227424749164,0.8536373771489062,1,5,77,110.74581939799332,3461,3729,268,0.03290569965626178
557,410,4.202439024390244,0.8820369304284448,1,5,68,45.49756097560976,3153,3728,575,0.2671172992973414
558,1820,4.0516483516483515,0.8220253667941986,1,5,178,67.57472527472528,1136,3716,2580,0.11632662655544923
559,3162,3.980392156862745,0.9304821325334991,1,5,399,71.7337128399747,2672,3727,1055,0.045070431769842934
560,3097,3.903132063287052,0.9062907513756876,1,5,296,60.62286083306426,250,3730,3480,-0.03218966180585037
561,7198,3.9626285079188666,0.8446800447641788,1,5,466,74.06960266740761,1982,3727,1745,0.027306782825964326
562,205,3.970731707317073,0.9696987359229163,1,5,31,88.54146341463415,3597,3730,133,0.03540998222417091
563,3417,4.028680128767925,0.9297939491494476,1,5,426,103.4334211296459,754,3730,2976,0.09335840367502257
564,7282,3.9825597363361713,0.8894987073359033,1,5,775,80.20818456468004,2681,3729,1048,0.047238011243269096
565,103,4.155339805825243,1.045600320609546,1,5,31,55.62135922330097,3645,3722,77,0.22001808073234042
566,10458,3.920443679479824,0.91001930655996,1,5,980,67.82128514056225,334,3730,3396,-0.01487804561307815
567,2717,3.8803827751196174,0.9278310975730797,1,5,244,62.97938903202061,2556,3723,1167,-0.054938949973284856
568,278,3.870503597122302,0.9059333689295715,1,5,34,72.57194244604317,3234,3720,486,-0.06481812797060016
569,2704,3.9360207100591715,0.9363643735450868,1,5,312,81.13794378698225,244,3729,3485,0.0006989849662693004
570,2701,3.990373935579415,0.8989190468073229,1,5,336,64.27471306923361,3365,3729,364,0.05505221048651299
571,229,4.323144104803493,0.8985547270833192,1,5,55,107.23144104803494,3483,3730,247,0.38782237971059086
572,1450,3.98,0.9603671370664513,1,5,163,50.244827586206895,2847,3724,877,0.04467827490709775
573,7637,3.855702500982061,0.8998416830140479,1,5,473,108.61424643184496,1139,3729,2590,-0.0796192241108411
574,672,3.8854166666666665,0.9120627963364162,1,5,102,61.49404761904762,3502,3730,228,-0.049905058426235716
575,1564,3.903452685421995,0.9712506384154108,1,5,200,68.5581841432225,2586,3726,1140,-0.03186903967090737
576,1993,3.980431510286001,0.8974072506642423,1,5,173,97.46011038635223,3123,3729,606,0.045109785193098606
577,3337,3.9020077914294276,0.9156507147128459,1,5,323,91.03116571771052,1162,3726,2564,-0.03331393366347468
578,335,3.997014925373134,0.9711358479151652,1,5,50,74.44477611940299,3367,3726,359,0.06169320028023195
579,2049,3.976085895558809,0.8749520658975272,1,5,337,81.46754514397267,607,3730,3123,0.04076417046590697
580,1967,3.840366039654296,0.8924559301210707,1,5,178,72.0930350788002,2610,3728,1118,-0.09495568543860644
581,114,3.8947368421052633,1.0336670785364679,1,5,31,53.0,1387,3719,2332,-0.04058488298763896
582,1241,3.938759065269944,0.8731412002725099,1,5,89,59.156325543916196,1372,3701,2329,0.003437340177041559
583,944,4.047669491525424,0.9914025289575853,1,5,218,76.85169491525424,494,3726,3232,0.11234776643252165
584,687,4.066957787481805,0.9042497186115633,1,5,87,79.5065502183406,3501,3727,226,0.13163606238890235
585,3665,3.9634379263301502,0.897458304812984,1,5,381,67.51841746248294,2383,3729,1346,0.028116201237248006
586,1344,3.9233630952380953,0.8599236311351165,1,5,79,64.08110119047619,2218,3728,1510,-0.01195862985480689
587,618,4.0,0.8875146950183876,1,5,89,46.006472491909385,2903,3728,825,0.06467827490709777
588,413,4.0024213075060535,0.868820172401673,1,5,54,74.4503631961259,3480,3729,249,0.06709958241315128
589,12777,3.9356656492134303,0.8891750186613,1,5,1444,65.60483681615403,624,3731,3107,0.00034392412052808297
590,5689,3.9122868693970823,0.9019465537184651,1,5,420,85.82140973809105,1752,3730,1978,-0.023034855695819978
591,3728,3.9608369098712446,0.9301153799540982,1,5,514,52.35032188841202,360,3730,3370,0.02551518477834236
592,408,4.056372549019608,1.0534877506258877,1,5,107,79.20833333333333,569,3726,3157,0.12105082392670585
593,441,4.099773242630386,0.994998832027938,1,5,62,66.93197278911565,3319,3693,374,0.16445151753748366
594,3196,3.880162703379224,0.8790915632908867,1,5,246,74.40331664580727,3189,3724,535,-0.05515902171367815
595,1693,3.9190785587714116,0.8812177806432415,1,5,143,52.968103957471946,810,3722,2912,-0.016243166321490587
596,4052,3.91609081934847,0.9035805894625751,1,5,306,57.29960513326752,2386,3729,1343,-0.019230905744432203
597,1073,4.023299161230196,0.8575920390149141,1,5,67,80.8219944082013,3411,3730,319,0.08797743613729381
598,547,3.956124314442413,0.9521009961458596,1,5,60,65.89945155393053,3296,3724,428,0.020802589349510736
599,1140,3.9535087719298247,0.8569992592694023,1,5,67,48.617543859649125,3185,3721,536,0.018187046836922516
600,627,4.177033492822966,1.0058529055316867,1,5,175,68.39074960127591,2424,3726,1302,0.24171176773006398
601,10535,3.934124347413384,0.8937414130575856,1,5,863,66.559278595159,732,3728,2996,-0.001197377679518219
602,6454,3.9429810969941124,0.8927464856109573,1,5,402,57.89680818097304,729,3703,2974,0.0076593719012101324
603,17335,3.961811364291895,0.9303269312977029,1,5,1461,112.69016440726853,2001,3730,1729,0.02648963919899261
604,24527,3.9608186896073714,0.912982883790524,1,5,2536,53.239695029966974,861,3730,2869,0.025496964514469145
605,2815,3.9989342806394315,0.9085780894220344,1,5,266,79.25577264653641,1694,3726,2032,0.06361255554652923
606,2839,3.8936245156745333,0.9064553169493182,1,5,193,46.51426558647411,2470,3728,1258,-0.04169720941836896
607,6377,3.9869844754586796,0.9302796788975557,1,5,561,72.88395797396895,1542,3729,2187,0.05166275036577739
608,6721,3.9168278529980656,0.9063685694048774,1,5,610,72.40351138223478,552,3729,3177,-0.01849387209483666
609,885,3.8282485875706214,1.0223153703309253,1,5,76,71.04632768361581,3344,3722,378,-0.10707313752228087
610,612,3.9411764705882355,0.8523409114688956,1,5,70,133.65196078431373,3000,3710,710,0.005854745495333269
611,191,4.298429319371728,1.0412278399633763,1,5,64,87.7696335078534,3584,3730,146,0.36310759427882555
612,1562,3.8982074263764406,0.8443257417774054,1,5,124,63.9270166453265,3177,3728,551,-0.03711429871646166
613,4004,3.9725274725274726,0.9698139518323262,1,5,369,84.87262737262738,2329,3726,1397,0.03720574743457039
614,171,3.853801169590643,1.1097032704598164,1,5,37,46.93567251461988,3320,3727,407,-0.08152055550225912
615,120,4.041666666666667,0.9473167176744184,1,5,24,132.18333333333334,3598,3729,131,0.10634494157376473
616,8068,3.950173525037184,0.8970821505912956,1,5,701,113.66410510659395,2243,3728,1485,0.014851799944281652
617,4988,3.9039695268644747,0.9101395503308362,1,5,455,59.3279871692061,665,3728,3063,-0.0313521982284275
618,1844,3.9322125813449023,0.9457695086362998,1,5,227,45.12418655097614,2288,3729,1441,-0.003109143747999976
619,1991,3.916624811652436,0.900072503705556,1,5,121,113.29030637870417,3451,3731,280,-0.0186969134404662
620,3084,3.9325551232166016,0.8932607931122534,1,5,281,78.03015564202335,3242,3726,484,-0.002766601876300623
621,5382,3.88312894834634,0.9331381042064433,1,5,901,65.92939427722037,538,3730,3192,-0.05219277674656242
622,948,4.051687763713081,0.9554309274930343,1,5,239,71.18776371308017,3047,3726,679,0.11636603862017836
623,1715,3.942857142857143,0.8882744537871592,1,5,117,114.49679300291545,2900,3724,824,0.007535417764240826
624,4783,3.9349780472506795,0.9374831015005639,1,5,449,76.18419402048923,356,3709,3353,-0.0003436778422227782
625,15830,3.9399241945672774,0.8861485214321314,1,5,1192,107.95022109917878,927,3727,2800,0.004602469474375148
626,168,4.464285714285714,0.7167195489802862,1,5,60,53.94642857142857,3604,3730,126,0.5289639891928122
627,3467,3.898182867032016,0.9406904917598827,1,5,368,88.17882895875397,2710,3730,1020,-0.037138858060886015
628,2069,3.900434992750121,0.968929699376538,1,5,233,84.17061382310295,3245,3727,482,-0.03488673234278128
629,4398,3.9547521600727604,0.9750113777208549,1,5,649,82.15984538426558,2598,3729,1131,0.01943043497985819
630,3652,3.896221248630887,0.9202175223703536,1,5,359,68.85733844468784,2708,3726,1018,-0.03910047646201509
631,3079,3.9045144527443973,0.9130359159723008,1,5,219,53.580058460539135,2166,3703,1537,-0.03080727234850489
632,2685,3.9787709497206705,1.0136530607760939,1,5,690,48.87001862197393,674,3731,3057,0.043449224627768235
633,1339,3.917849141150112,0.9079302689844636,1,5,125,109.94174757281553,3440,3730,290,-0.017472583942790276
634,6315,3.927157561361837,0.8852871663137288,1,5,406,69.5008709422011,2616,3730,1114,-0.008164163731065432
635,954,3.8207547169811322,0.8511143590963517,1,5,87,74.87316561844864,1558,3719,2161,-0.11456700811177001
636,444,4.15990990990991,0.9281725490470547,1,5,138,90.96621621621621,3190,3728,538,0.2245881848170077
637,4097,3.9126189895045154,0.9207776305294626,1,5,379,73.35245301440078,973,3703,2730,-0.02270273558838687
638,1367,3.9729334308705195,0.9867343156936197,1,5,180,73.44696415508413,2020,3726,1706,0.0376117057776173
639,3210,3.9878504672897197,0.8627404155875378,1,5,289,78.80342679127726,2393,3729,1336,0.05252874219681747
640,235,4.025531914893617,1.187266501579135,1,5,95,56.65531914893617,3285,3729,444,0.0902101898007146
641,8007,3.9033345822405394,0.9480103259712734,1,5,1623,60.78081678531285,670,3730,3060,-0.031987142852362815
642,435,3.7724137931034485,0.9748791317226452,1,5,46,91.19770114942528,3505,3730,225,-0.16290793198945375
643,1839,3.9559543230016314,0.884343414849681,1,5,249,69.84013050570962,3058,3722,664,0.020632597908729178
644,2074,3.8413693346190936,0.9268494661975496,1,5,122,54.0,2826,3710,884,-0.09395239047380866
645,733,4.01637107776262,0.9052092315169807,1,5,118,84.8130968622101,3143,3723,580,0.08104935266971758
646,1042,3.9117082533589254,0.9849380380600111,1,5,110,130.8886756238004,3516,3729,213,-0.023613471733976876
647,792,4.167929292929293,0.888659699060197,1,5,172,57.821969696969695,3083,3726,643,0.23260756783639103
648,291,3.979381443298969,1.0370320526084136,1,5,33,118.21305841924399,3608,3730,122,0.04405971820606691
649,3725,4.0209395973154365,0.9594863454486545,1,5,599,105.47006711409396,671,3730,3059,0.08561787222253425
650,2282,3.9215600350569675,0.905669038797596,1,5,262,61.38694127957932,2240,3730,1490,-0.013761690035934748
651,5067,3.8703374777975132,0.8974028987446383,1,5,259,72.42865600947306,568,3730,3162,-0.06498424729538899
652,529,3.988657844990548,1.024262435178269,1,5,102,81.53686200378071,3344,3726,382,0.05333611989764586
653,5116,3.9388193901485535,0.9192043043317174,1,5,478,68.01876465989054,527,3730,3203,0.0034976650556513
654,10399,3.9392249254736034,0.8647523959933042,1,5,905,59.864410039426865,927,3723,2796,0.003903200380701133
655,8983,3.959812980073472,0.8781529373426087,1,5,792,69.87654458421463,504,3729,3225,0.02449125498056981
656,2259,3.9322709163346614,0.9160118457716457,1,5,217,80.88888888888889,823,3726,2903,-0.0030508087582408194
657,787,4.002541296060991,1.0496545641692177,1,5,184,62.89072426937738,2873,3729,856,0.0672195709680885
658,15382,3.945390716421792,0.9778154335184149,1,5,2165,59.76283968274607,574,3731,3157,0.01006899132888961
659,7637,3.8334424512243026,0.8800610423044211,1,5,559,78.11077648291214,544,3730,3186,-0.10187927386859963
660,1280,3.81640625,1.0639649790945374,1,5,185,143.521875,935,3731,2796,-0.11891547509290223
661,7288,4.041300768386389,0.9054800507098569,1,5,932,66.97036223929747,828,3730,2902,0.10597904329348662
662,8934,3.9440340273113947,0.8997690546418005,1,5,809,125.90631296171928,2347,3727,1380,0.008712302218492507
663,973,4.076053442959918,0.9017427372699492,1,5,200,107.28263103802672,3310,3730,420,0.14073171786701533
664,3109,3.9511096815696365,0.8872340487555138,1,5,238,90.50337729173367,2479,3724,1245,0.015787956476734255
665,3419,3.9567124890318808,0.9541252627821999,1,5,390,74.45130155016086,2898,3730,832,0.02139076393897854
666,6043,3.914611947708092,0.9532206218701533,1,5,623,83.60251530696674,179,3729,3550,-0.02070977738481039
667,1230,4.001626016260163,0.9400226560846202,1,5,150,62.2,1305,3723,2418,0.06630429116726066
668,24110,3.9082123600165906,0.9439006078886468,1,5,2943,72.47955205309,2141,3730,1589,-0.027109365076311676
669,3650,3.8887671232876713,0.8943719543179665,1,5,247,67.66794520547946,648,3713,3065,-0.046554601805230966
670,624,3.905448717948718,0.972677688140517,1,5,53,91.99358974358974,3358,3713,355,-0.02987300714418417
671,4174,3.925011978917106,0.9644444344772365,1,5,428,71.68950646861524,411,3728,3317,-0.010309746175796164
672,16871,3.932191334242191,0.8688929273325511,1,5,1346,64.59362219192697,338,3726,3388,-0.0031303908507114286
673,382,4.015706806282722,1.0769668683838882,1,5,73,112.13350785340315,3519,3726,207,0.0803850811898199
674,1948,3.9568788501026693,0.8865767870215044,1,5,146,59.0282340862423,523,3725,3202,0.02155712500976703
675,4299,4.021632937892533,0.89502374553223,1,5,513,70.14701093277506,632,3721,3089,0.08631121279963061
676,5789,3.9447227500431854,0.9173057134588947,1,5,594,61.80169286577993,2415,3730,1315,0.009401024950283166
677,4959,3.9616858237547894,0.8817453430798736,1,5,397,66.78907037709216,522,3728,3206,0.02636409866188716
678,1517,3.99340804218853,0.8874432162227122,1,5,202,89.86222808174028,2610,3726,1116,0.05808631709562784
679,355,4.03943661971831,0.9258495675967287,1,5,57,68.90704225352113,3409,3730,321,0.10411489462540757
680,953,3.93704092339979,0.8722028854134315,1,5,85,136.84994753410282,3294,3725,431,0.0017191983068878258
681,183,4.136612021857924,0.8105916285074312,1,5,31,81.67213114754098,3639,3727,88,0.20129029676502164
682,911,4.125137211855105,0.8706031494254887,1,5,208,55.934138309549944,3298,3730,432,0.1898154867622024
683,57,4.280701754385965,0.9590617804640466,1,5,24,31.789473684210527,3403,3729,326,0.34538002929306266
684,10358,3.9695887236918326,0.9534608627908596,1,5,1285,82.16866190384243,460,3729,3269,0.03426699859893034
685,13471,3.906911142454161,0.9119053603520852,1,5,1020,95.15099101774182,3199,3730,531,-0.0284105826387413
686,4491,3.9730572255622354,0.9831248670931316,1,5,503,84.24782899131597,2130,3730,1600,0.03773550046933316
687,182,4.104395604395604,0.7544215284789437,1,5,36,74.62087912087912,3559,3727,168,0.1690738793027018
688,2199,3.907230559345157,0.9664704209967816,1,5,262,58.150522964984084,1861,3727,1866,-0.028091165747745173
689,10743,3.92907009215303,0.8799654392587031,1,5,805,65.51158894163642,280,3730,3450,-0.006251632939872298
690,2398,3.9653878231859885,0.9610970971184232,1,5,338,62.24770642201835,2517,3727,1210,0.030066098093086246
691,2712,3.9679203539823007,0.9287031352313773,1,5,209,62.126474926253685,2603,3726,1123,0.03259862888939846
692,5564,3.925413371675054,0.9183889000385567,1,5,422,64.73903666427032,392,3727,3335,-0.009908353417848126
693,620,3.9080645161290324,0.9406968831028462,1,5,62,54.11290322580645,2659,3730,1071,-0.02725720896386985
694,60,3.933333333333333,1.2469171022513912,1,5,17,43.3,3628,3730,102,-0.001988391759569108
695,262,4.194656488549619,1.0524055987987828,1,5,65,53.98854961832061,3281,3723,442,0.25933476345671647
696,1938,4.029927760577915,0.8794869291744974,1,5,193,58.34004127966976,1180,3725,2545,0.0946060354850129
697,1565,4.003833865814697,0.9011136179377913,1,5,159,87.08434504792332,2333,3724,1391,0.06851214072179435
698,627,3.8995215311004783,1.0788926523831475,1,5,120,73.17224880382776,1288,3730,2442,-0.035800193992423957
699,9830,3.896032553407935,0.8977507343771263,1,5,1033,82.82756866734486,1513,3730,2217,-0.03928917168496726
700,2291,3.9825403753819293,0.8330775309031893,1,5,194,58.721518987341774,2862,3729,867,0.04721865028902705
701,3687,3.8562516951451045,0.8997216363435697,1,5,323,58.1033360455655,1538,3729,2191,-0.07907002994779777
702,7108,3.887591446257738,0.9759443454175344,1,5,942,59.57822172200338,475,3729,3254,-0.04773027883516434
703,785,4.0980891719745225,0.9115522291827342,1,5,149,72.88662420382165,3163,3720,557,0.16276744688162026
704,788,4.0,0.8890124155309832,1,5,49,96.30583756345177,2323,3673,1350,0.06467827490709777
705,189,4.248677248677248,0.9089161458413608,1,5,62,75.2010582010582,3617,3730,113,0.31335552358434615
706,4482,3.9147701918786257,1.0115867690947924,1,5,467,81.43730477465417,2033,3730,1697,-0.020551533214276496
707,617,3.9027552674230144,0.904682368782192,1,5,109,62.029173419773095,2800,3704,904,-0.03256645766988786
708,11097,3.912498873569433,0.8951944727471906,1,5,1088,84.45570875011265,133,3728,3595,-0.02282285152346919
709,1379,3.997824510514866,0.9075531601024052,1,5,155,67.39593908629442,1203,3728,2525,0.06250278542196375
710,2935,4.047018739352641,0.8963896786678592,1,5,201,56.481431005110736,2312,3712,1400,0.11169701425973866
711,8799,3.9322650301170587,0.9033562459821757,1,5,778,94.61825207409933,3022,3730,708,-0.003056694975843488
712,586,3.969283276450512,0.858787755214389,1,5,62,82.16723549488054,3435,3728,293,0.03396155135760992
713,3667,3.956094900463594,0.9174806105588292,1,5,293,75.72511589855468,2233,3715,1482,0.0207731753706919
714,698,4.074498567335244,0.9687558576662391,1,5,140,55.286532951289395,3307,3730,423,0.13917684224234161
715,259,3.8687258687258685,1.0988660108639685,1,5,44,81.1969111969112,3208,3672,464,-0.06659585636703369
716,322,3.9937888198757765,0.9984217727297963,1,5,84,76.80745341614907,2878,3719,841,0.05846709478287426
717,6818,3.885303608096216,0.9005326135399971,1,5,427,106.5580815488413,3236,3729,493,-0.050018116996686235
718,1853,3.9654614139233675,0.9483956927959891,1,5,274,56.71829465731247,1391,3730,2339,0.03013968883046525
719,7518,3.91048151104017,0.8751178910626596,1,5,522,85.68728385208833,704,3729,3025,-0.02484021405273218
720,703,4.130867709815078,0.7862422535928578,1,5,44,54.64580369843528,2573,3645,1072,0.19554598472217588
721,1528,4.164267015706806,0.9359896404931027,1,5,203,62.93390052356021,2796,3728,932,0.228945290613904
722,5177,3.9150086922928335,0.9197518969238723,1,5,569,64.94205138110875,165,3730,3565,-0.020313032800068687
723,15416,3.90886092371562,0.8964900598245841,1,5,1373,93.26608718214841,361,3730,3369,-0.026460801377282017
724,5002,3.8890443822471013,0.9389928566887207,1,5,451,82.24550179928029,363,3727,3364,-0.046277342845800984
725,4808,3.947379367720466,0.9393603979052721,1,5,541,72.7660149750416,368,3728,3360,0.012057642627563592
726,10376,3.900057825751735,0.896652944388158,1,5,765,70.85697764070933,586,3727,3141,-0.03526389934116736
727,16175,3.932179289026275,0.9043743453906844,1,5,1232,64.01131375579598,1610,3727,2117,-0.00314243606662723
728,143,4.06993006993007,1.1906345192608976,1,5,73,41.16783216783217,3656,3728,72,0.13460834483716777
729,288,3.9131944444444446,1.0473624765006486,1,5,57,54.579861111111114,3454,3728,274,-0.022127280648457592
730,2320,3.922844827586207,0.9125612856694066,1,5,226,45.44181034482759,2652,3730,1078,-0.012476897506695117
731,4986,3.9364219815483352,0.9331567382409757,1,5,437,55.044524669073404,833,3725,2892,0.0011002564554329908
732,970,3.8515463917525774,0.8894651634546185,1,5,90,78.61546391752577,3433,3724,291,-0.08377533334032483
733,175,4.274285714285714,0.8737364792313375,1,5,59,52.85142857142857,3350,3729,379,0.3389639891928118
734,654,3.90519877675841,0.9506363824497207,1,5,54,51.154434250764524,2792,3727,935,-0.03012294833449225
735,2492,3.9113162118780096,0.8985918067602513,1,5,221,74.24077046548956,3276,3730,454,-0.024005513214892638
736,11314,3.941311649284073,0.8743691610424479,1,5,820,104.2203464733958,2292,3730,1438,0.005989924191170726
737,192,4.114583333333333,0.9854415829657514,1,5,42,45.598958333333336,3545,3727,182,0.1792616082404308
738,750,3.986666666666667,0.7645925000572177,1,5,39,106.792,3540,3719,179,0.05134494157376457
739,712,4.0,0.9950651796107121,1,5,74,76.34129213483146,3484,3723,239,0.06467827490709777
740,1145,3.952838427947598,0.9290632148908179,1,5,123,80.69519650655022,3501,3730,229,0.017516702854695865
741,15734,3.9309139443243932,0.8877759599442956,1,5,1559,69.12063048175925,457,3730,3273,-0.0044077807685090065
742,670,4.091044776119403,0.9079011000977035,1,5,80,68.6044776119403,1367,3713,2346,0.15572305102650041
743,5612,4.003207412687099,0.9293279169476495,1,5,592,72.09212401995724,1526,3728,2202,0.06788568759419711
744,5443,3.866250229652765,0.9378549351081588,1,5,432,58.997060444607754,1641,3728,2087,-0.06907149544013702
745,4544,3.967869718309859,0.8738766228376644,1,5,480,58.617297535211264,1430,3729,2299,0.03254799321695678
746,1011,3.9010880316518297,0.8811046190257424,1,5,98,92.33432245301681,2167,3726,1559,-0.03423369344107252
747,150,4.18,0.8440076974107467,1,5,15,41.98,3231,3696,465,0.24467827490709748
748,191,4.041884816753926,1.1137062862021347,1,5,47,45.989528795811516,2961,3560,599,0.10656309166102407
749,18152,3.888827677390921,0.9312093236900548,1,5,1656,85.88386954605554,467,3730,3263,-0.04649404770198107
750,5840,3.8558219178082194,0.9375610551375994,1,5,388,70.4515410958904,498,3730,3232,-0.07949980728468287
751,216,4.199074074074074,0.8309138001770822,1,5,54,45.75925925925926,3553,3727,174,0.26375234898117217
752,9235,3.95224688684353,0.915059485225282,1,5,1217,72.763508391987,419,3730,3311,0.016925161750627638
753,10315,3.90838584585555,0.8872016030975306,1,5,729,81.5242850218129,1848,3727,1879,-0.02693587923735219
754,255,3.8901960784313725,1.0057423516673225,1,5,24,87.3921568627451,3635,3730,95,-0.04512564666152974
755,11849,3.882184150561229,0.9012487151943054,1,5,784,75.5121107266436,1593,3730,2137,-0.05313757453167334
756,10310,3.9354025218234723,0.907336267163718,1,5,804,54.20290979631426,1822,3730,1908,8.0796730570043e-05
757,4540,3.900660792951542,0.8886196371773758,1,5,459,63.129074889867844,718,3730,3012,-0.034660932141360234
758,5975,3.853389121338912,0.8939001027827903,1,5,389,91.15799163179916,1746,3731,1985,-0.08193260375399003
759,16046,3.913623332917861,0.9048975824596412,1,5,1536,100.7793219493955,1122,3730,2608,-0.021698392175041104
760,2289,3.871996505024028,0.9588324631005529,1,5,271,79.57929226736566,2999,3730,731,-0.06332522006887409
761,3350,3.9928358208955226,0.8864845739667478,1,5,264,95.75701492537313,3151,3728,577,0.057514095802620346
762,1623,3.8262476894639557,0.9425553091173349,1,5,183,78.39741219963031,3104,3730,626,-0.10907403562894658
763,1976,3.9979757085020244,0.9095810421952611,1,5,248,74.88107287449392,720,3729,3009,0.0626539834091222
764,3408,3.868544600938967,0.9475700746857065,1,5,394,83.96625586854461,1475,3729,2254,-0.06677712415393522
765,3803,3.9694977649224295,0.9339668021762513,1,5,392,90.50828293452537,452,3728,3276,0.034176039829527216
766,3510,3.931054131054131,0.902059816278562,1,5,352,70.43133903133904,412,3726,3314,-0.004267594038771083
767,1005,3.87363184079602,1.0201902231522475,1,5,140,104.72537313432836,3203,3730,527,-0.06168988429688227
768,3467,3.966541678684742,0.947270935809912,1,5,380,67.50014421690221,2410,3722,1312,0.031219953591839822
769,291,4.151202749140894,0.9493138702601358,1,5,66,69.48109965635739,3194,3727,533,0.2158810240479916
770,2797,4.007508044333214,0.9169447486387349,1,5,270,64.96496245977833,1434,3723,2289,0.07218631924031182
771,8307,3.9263271939328277,0.9111049540314456,1,5,879,75.18899723125075,490,3730,3240,-0.008994531160074537
772,2406,3.966334164588529,0.902358440780194,1,5,196,81.80881130507066,2947,3723,776,0.031012439495626598
773,3946,3.914597060314242,0.9619133880529791,1,5,542,67.45767866193614,2976,3731,755,-0.020724664778660085
774,1271,3.820613690007868,0.9166439649728226,1,5,218,53.53343823760818,545,3730,3185,-0.11470803508503424
775,1603,3.9139114160948223,1.0130607062979362,1,5,357,65.21771678103556,650,3731,3081,-0.02141030899807994
776,777,3.891891891891892,0.9353584949476712,1,5,96,63.04504504504504,3022,3729,707,-0.043429833201010126
777,1350,3.923703703703704,0.9124545873450358,1,5,175,98.16740740740741,3347,3729,382,-0.011618021389198319
778,5776,3.914473684210526,0.8809430208932961,1,5,461,106.84435595567867,2170,3728,1558,-0.02084804088237613
779,2939,3.935692412385165,0.8887860993561458,1,5,334,81.95814903028241,450,3730,3280,0.00037068729226286123
780,11250,3.9044444444444446,0.912389304434394,1,5,968,66.19786666666667,318,3729,3411,-0.030877280648457628
781,2803,3.93863717445594,0.8883908240452677,1,5,243,61.5618979664645,3100,3730,630,0.003315449363037626
782,1496,3.8696524064171123,0.9294808200371583,1,5,101,84.44986631016043,1059,3675,2616,-0.06566931867578996
783,10683,3.9298886080688944,0.8995872988860675,1,5,883,77.12749227745016,2471,3730,1259,-0.005433117024007839
784,1551,3.880722114764668,0.8976433630602448,1,5,251,80.62088974854932,2901,3726,825,-0.05459961032823424
785,6586,3.969632553902217,0.9483171772184175,1,5,733,65.10249013058002,786,3727,2941,0.034310828809314575
786,618,3.9336569579288025,0.9357650864625535,1,5,83,42.236245954692556,3342,3728,386,-0.0016647671640996897
787,104,4.3076923076923075,0.7768110449471638,1,5,24,88.52884615384616,3567,3729,162,0.37237058259940525
788,539,3.9183673469387754,0.8297535837746135,1,5,43,45.998144712430424,1833,3716,1883,-0.016954378154126815
789,98,4.030612244897959,1.2052640693897414,1,5,36,73.3061224489796,3435,3730,295,0.0952905198050571
790,3200,3.9090625,0.8684201426016517,1,5,240,93.524375,2499,3729,1230,-0.026259225092902128
791,3086,3.9679196370706418,0.8841892410344632,1,5,336,64.34802333117304,368,3719,3351,0.032597911977739535
792,1951,3.9328549461814455,0.8765327960426486,1,5,177,62.04664274730907,400,3668,3268,-0.002466778911456746
793,554,4.016245487364621,0.9305482552556565,1,5,80,154.22924187725633,3551,3722,171,0.08092376227171894
794,2258,3.970327723649247,0.9481488522992074,1,5,277,53.83569530558016,2752,3730,978,0.035005998556344675
795,13668,3.9163740122914836,0.8993959704080523,1,5,1108,97.37481709101552,1678,3730,2052,-0.018947712801418604
796,8173,3.946164199192463,0.9083228756113506,1,5,636,76.47852685672336,1424,3725,2301,0.01084247409956074
797,6943,4.010658216909117,0.9243349896772068,1,5,684,98.77747371453262,1968,3730,1762,0.07533649181621449
798,506,3.974308300395257,0.8995774672667916,1,5,71,55.38932806324111,2586,3729,1143,0.03898657530235461
799,4059,3.9568859324956884,0.8868258500217608,1,5,414,69.91007637349101,2653,3731,1078,0.021564207402786195
800,1423,3.9072382290934646,0.9193020980978154,1,5,158,60.85101897399859,1981,3727,1746,-0.028083495999437602
801,996,3.9568273092369477,1.016024162998188,1,5,253,75.32630522088354,2964,3726,762,0.021505584144045464
802,1946,3.811921891058582,1.0580001049969185,1,5,455,67.7235354573484,1353,3729,2376,-0.12339983403432031
803,2010,3.97910447761194,0.9910305530220771,1,5,284,67.25771144278607,1662,3727,2065,0.04378275251903796
804,105,4.171428571428572,0.9349737023980002,1,5,22,44.65714285714286,3628,3723,95,0.23610684633566947
805,1168,3.8698630136986303,0.9304057301481641,1,5,71,118.89640410958904,3584,3727,143,-0.06545871139427195
806,129,4.248062015503876,1.082755510779802,1,5,23,36.87596899224806,3319,3712,393,0.3127402904109742
807,1424,3.9536516853932584,0.8453672731948316,1,5,70,90.49789325842697,3512,3729,217,0.018329960300356163
808,7466,3.960353603000268,0.8917471330456425,1,5,661,87.96745245111171,1334,3729,2395,0.02503187790736572
809,718,4.037604456824512,0.9162904106715386,1,5,163,64.61699164345404,1483,3731,2248,0.10228273173161018
810,1757,3.9203187250996017,0.871219336895483,1,5,200,56.25099601593625,2372,3730,1358,-0.01500299999330057
811,5091,3.948340208210568,0.8881907477965477,1,5,442,89.54468670202318,1107,3731,2624,0.013018483117665625
812,3255,3.8789554531490014,0.9842503517548448,1,5,485,73.98064516129033,1693,3727,2034,-0.05636627194390087
813,933,3.864951768488746,0.9962288995022246,1,5,131,56.551982851018224,2493,3714,1221,-0.07036995660415624
814,4368,4.0054945054945055,0.930596885737086,1,5,427,77.19207875457876,1460,3728,2268,0.07017278040160324
815,791,4.001264222503161,0.917480545634121,1,5,106,76.58154235145386,3310,3730,420,0.06594249741025848
816,709,3.991537376586742,0.994298168470696,1,5,86,58.2919605077574,3487,3724,237,0.05621565149383967
817,60,4.633333333333334,0.822700527647874,1,5,30,59.2,3447,3715,268,0.6980116082404315
818,3057,4.003271180896304,0.8690367644514648,1,5,215,64.07131174353941,769,3719,2950,0.06794945580340173
819,13750,3.907490909090909,0.8861403000344208,1,5,1146,83.75127272727272,477,3731,3254,-0.02783081600199333
820,2933,3.9662461643368565,0.8626038443663477,1,5,240,54.96385952949199,984,3634,2650,0.03092443924395427
821,808,3.9702970297029703,0.9079622518020695,1,5,108,68.05321782178218,3220,3728,508,0.034975304610068036
822,815,3.917791411042945,0.92699881956454,1,5,91,45.63435582822086,2288,3730,1442,-0.01753031404995742
823,2908,3.937414030261348,0.8953899730402232,1,5,236,75.86795048143054,2225,3729,1504,0.0020923051684458294
824,1055,4.014218009478673,1.0163682834145988,1,5,194,76.1090047393365,2968,3729,761,0.07889628438577034
825,3142,3.9993634627625716,0.8799291466160661,1,5,297,68.04455760661999,2704,3731,1027,0.06404173766966936
826,1117,4.0590868397493285,0.9148810901525766,1,5,167,64.7851387645479,3147,3727,580,0.12376511465642626
827,1161,3.9827734711455642,0.8981088701298734,1,5,104,68.7157622739018,3027,3724,697,0.047451746052662
828,376,3.9547872340425534,0.9440782213054506,1,5,50,68.69148936170212,3035,3729,694,0.019465508949651156
829,3298,3.9345057610673133,0.8971787487033006,1,5,361,61.99484536082474,750,3728,2978,-0.0008159640255889222
830,1293,4.018561484918793,0.8608956224339663,1,5,92,85.38128383604021,3296,3725,429,0.08323975982589094
831,653,3.9739663093415007,0.918919600396048,1,5,98,67.44563552833078,3345,3729,384,0.03864458424859851
832,178,4.078651685393258,0.8794543647548796,1,5,33,49.46067415730337,3275,3721,446,0.14332996030035616
833,13662,3.9353681744986093,0.873858446707864,1,5,983,51.44290733421168,478,3729,3251,4.6449405707083e-05
834,920,3.875,0.9263551376937816,1,5,87,52.832608695652176,3059,3730,671,-0.060321725092902234
835,300,3.8466666666666667,0.962415207865082,1,5,45,66.73333333333333,3097,3729,632,-0.08865505842623556
836,610,3.8852459016393444,0.9623172746730896,1,5,84,55.02295081967213,3143,3729,586,-0.05007582345355788
837,10550,3.959431279620853,0.9028365884053065,1,5,1247,77.23563981042653,540,3730,3190,0.024109554527950827
838,566,3.920494699646643,0.9458079483664187,1,5,63,68.3303886925795,3428,3698,270,-0.014827025446259245
839,9093,3.872869240074783,0.9185384080326014,1,5,728,59.057076872319364,567,3731,3164,-0.0624524850181194
840,16789,3.9029721841682052,0.9029292628734942,1,5,1673,84.42903091309786,354,3731,3377,-0.032349540924696996
841,16042,3.9489465153970826,0.9422971372006411,1,5,1675,83.145056726094,589,3730,3141,0.0136247903041804
842,7771,3.8952515763736972,0.886531190952297,1,5,608,103.0319135246429,2555,3731,1176,-0.040070148719205
843,6123,3.9007022701290217,0.9180418720498151,1,5,660,62.81283684468398,585,3728,3143,-0.034619454963880525
844,3322,4.023479831426851,0.8718158087122522,1,5,336,58.94461167971102,1793,3726,1933,0.08815810633394872
845,2930,3.9092150170648465,0.9104400345532516,1,5,307,75.94982935153584,2178,3729,1551,-0.026106708028055703
846,418,3.9425837320574164,0.8850232821787841,1,5,37,71.70334928229666,3078,3707,629,0.007262006964514178
847,2577,3.952270081490105,0.85862658009539,1,5,203,58.10089251067132,2922,3731,809,0.016948356397202602
848,1021,3.9647404505386876,0.9542118481739174,1,5,115,87.09892262487757,2832,3730,898,0.029418725445785388
849,3826,3.862258233141662,0.8985696824471895,1,5,297,94.80501829587035,3190,3730,540,-0.07306349195124007
850,1787,3.9714605484051484,0.9107865765986851,1,5,199,76.62451035254617,2539,3729,1190,0.03613882331224616
851,1037,3.837994214079074,1.0099806125883453,1,5,109,41.08100289296046,2360,3708,1348,-0.09732751101382808
852,104,4.153846153846154,0.9218936902385049,1,5,35,141.15384615384616,3621,3730,109,0.21852442875325195
853,2891,3.9325492909028017,0.9473779352266655,1,5,411,71.95330335524041,749,3727,2978,-0.0027724341901005367
854,2926,3.996582365003418,0.9366179973942127,1,5,385,95.11175666438824,1522,3716,2194,0.06126063991051556
855,7327,3.927391838405896,0.8990373456033439,1,5,611,83.44629452709158,1066,3730,2664,-0.007929886687006338
856,4402,3.979100408905043,0.9188966786455038,1,5,283,121.44411631076784,2972,3728,756,0.043778683812140784
857,3864,3.904503105590062,0.9526400563033253,1,5,474,101.34549689440993,1973,3726,1753,-0.03081861950284015
858,5285,3.9186376537369916,0.9345555391998634,1,5,726,68.92582781456953,419,3728,3309,-0.016684071355910657
859,10452,3.900019135093762,0.8958018799655103,1,5,905,82.85218140068886,495,3729,3234,-0.03530258999914038
860,8096,3.905755928853755,0.9219773426434069,1,5,769,60.51000494071146,240,3730,3490,-0.029565796239147346
861,1377,3.9302832244008714,0.8724244442957279,1,5,121,77.15032679738562,3044,3730,686,-0.005038500692030823
862,2169,3.9308437067773165,0.9060137733899137,1,5,117,50.81834946980175,2445,3708,1263,-0.004478018315585697
863,2601,3.978085351787774,0.9801394847853783,1,5,426,110.45021145713187,2985,3729,744,0.04276362669487188
864,1223,4.054783319705642,0.9061209917565641,1,5,119,49.592804578904335,556,3716,3160,0.11946159461273975
865,4710,3.924628450106157,0.919601220481879,1,5,315,101.43057324840764,2107,3730,1623,-0.010693274986745216
866,4324,3.8619333950046255,0.9108509056834706,1,5,403,72.9081868640148,820,3729,2909,-0.07338833008827672
867,7831,3.855063210317967,0.9174411039807535,1,5,684,76.15668496999106,863,3730,2867,-0.08025851477493529
868,413,4.0290556900726395,0.9523238462078627,1,5,71,108.05811138014528,3137,3730,593,0.0937339649797373
869,2840,3.8334507042253523,0.916411785797081,1,5,259,62.65633802816902,2756,3729,973,-0.10187102086754996
870,1442,4.041608876560333,1.0029462038022232,1,5,259,59.65256588072122,2364,3728,1364,0.10628715146743062
871,4790,3.9473903966597077,0.8939067043409057,1,5,327,68.68016701461377,1710,3725,2015,0.012068671566805467
872,3232,3.9619430693069306,0.9805156895708026,1,5,431,73.42388613861387,1516,3729,2213,0.026621344214028397
873,386,3.9637305699481864,0.9769980898029621,1,5,100,61.85751295336787,3269,3723,454,0.028408844855284165
874,2479,3.881807180314643,0.8738810449040139,1,5,174,67.51714400968132,2950,3729,779,-0.05351454477825923
875,5226,4.003635667814772,0.912321915223689,1,5,491,68.38231917336395,1629,3729,2100,0.06831394272187019
876,245,3.9714285714285715,1.084163196232732,1,5,55,54.40408163265306,3295,3714,419,0.036106846335669296
877,2979,3.9150721718697548,0.9503301288264089,1,5,226,118.75830815709969,2559,3728,1169,-0.020249553223147476
878,3073,3.9801496908558414,0.9416210000810775,1,5,364,62.765701269118125,1363,3729,2366,0.044827965762939126
879,926,3.92548596112311,0.8648440142545282,1,5,133,54.05939524838013,3388,3729,341,-0.009835763969792133
880,5404,3.9294966691339748,0.9625735746078923,1,5,571,74.70947446336048,2299,3730,1431,-0.005825055958927461
881,4847,3.910666391582422,0.9151269842756233,1,5,319,71.86734062306581,1009,3730,2721,-0.024655333510480215
882,3325,3.9630075187969926,0.9289516892272597,1,5,283,82.07157894736842,906,3728,2822,0.02768579370409041
883,2438,3.9963084495488106,0.9507716184843551,1,5,309,84.89458572600492,2251,3726,1475,0.06098672445590836
884,352,4.045454545454546,0.9889312301595993,1,5,86,47.66193181818182,2812,3720,908,0.11013282036164362
885,648,4.007716049382716,0.942686335249581,1,5,106,62.5679012345679,3207,3709,502,0.07239432428981374
886,2514,3.8699284009546537,0.9613432759400016,1,5,269,88.90652346857597,2541,3728,1187,-0.0653933241382485
887,1031,3.9437439379243453,0.8948271777599711,1,5,100,136.56062075654705,3216,3729,513,0.008422212831443066
888,2896,3.8667127071823204,0.8562582989973624,1,5,157,89.9996546961326,2864,3725,861,-0.06860901791058183
889,3086,3.876215165262476,0.893105991580964,1,5,256,80.77219701879456,675,3730,3055,-0.05910655983042634
890,14756,3.9083762537272975,0.9099072420258604,1,5,1290,57.217335321225264,184,3730,3546,-0.026945471365604767
891,94,4.148936170212766,0.8026494676538194,2,5,24,52.98936170212766,2636,3723,1087,0.21361444511986338
892,894,4.092841163310962,0.842125891595696,1,5,145,66.1510067114094,2046,3727,1681,0.1575194382180598
893,3333,3.9384938493849386,0.8755706832379151,1,5,244,46.85688568856886,732,3727,2995,0.0031721242920363935
894,838,3.9737470167064437,0.865799424353541,1,5,133,83.85441527446301,3169,3725,556,0.03842529161354147
895,3470,3.9605187319884725,0.9145678970136829,1,5,353,69.8792507204611,1125,3728,2603,0.02519700689557025
896,546,3.7765567765567765,1.1322948417691894,1,5,107,78.84432234432235,3354,3731,377,-0.15876494853612577
897,3177,3.9398803903053197,0.943878119825057,1,5,381,100.5813660686182,3107,3730,623,0.004558665212417434
898,418,4.126794258373206,1.0063109067391203,1,5,124,82.16507177033493,779,3726,2947,0.19147253328030356
899,1177,4.044180118946474,0.8460103617305335,1,5,135,40.25658453695837,2359,3719,1360,0.10885839385357166
900,180,4.261111111111111,0.9534640688574005,1,5,30,45.266666666666666,3602,3730,128,0.32578938601820884
901,6888,3.918554006968641,0.8698780306937494,1,5,561,89.28222996515679,411,3730,3319,-0.016767718124261144
902,1104,3.9166666666666665,1.0167827121421227,1,5,158,63.6286231884058,2959,3727,768,-0.018655058426235716
903,3653,3.9395017793594307,0.9044780122257198,1,5,287,76.89022721051191,1942,3726,1784,0.004180054266528455
904,1107,3.978319783197832,0.8459453739843932,1,5,72,144.67931345980128,3333,3730,397,0.042998058104929626
905,1612,3.9385856079404467,0.905504230443336,1,5,134,94.20471464019852,2907,3728,821,0.0032638828475444193
906,15444,3.884032634032634,0.9100339472329548,1,5,1201,72.66893291893292,247,3730,3483,-0.051289091060268355
907,820,4.003658536585366,0.8721641814766573,1,5,97,52.15609756097561,1028,3716,2688,0.06833681149246384
908,7212,3.8496949528563507,0.9465737416660328,1,5,707,90.57002218524681,2517,3730,1213,-0.08562677223655157
909,13187,3.8868582695078486,0.8990107198415009,1,5,1411,73.22150602866459,1615,3731,2116,-0.048463455585053605
910,2748,3.9392285298398835,0.9379844171575841,1,5,250,87.2037845705968,2928,3728,800,0.003906804746981241
911,197,3.720812182741117,0.9573684969929276,1,5,20,44.203045685279186,3686,3730,44,-0.21450954235178532
912,228,4.057017543859649,0.9760542068291245,1,5,37,81.95614035087719,3330,3730,400,0.12169581876674673
913,1541,4.018170019467878,0.9228313431812593,1,5,106,106.809863724854,1782,3727,1945,0.0828482943749762
914,4094,3.900341963849536,0.9008153216102842,1,5,351,88.9990229604299,2296,3729,1433,-0.034979761243366436
915,2876,3.900904033379694,0.9583967862167958,1,5,261,60.933588317107095,420,3709,3289,-0.03441769171320841
916,1465,4.068941979522184,1.0693305385113958,1,5,567,82.0320819112628,3367,3730,363,0.13362025442928172
917,6409,3.885629583398346,0.9175741579319164,1,5,735,70.11249804961773,413,3729,3316,-0.04969214169455638
918,5148,3.8853923853923855,0.8997097633801949,1,5,389,127.53982128982129,2915,3729,814,-0.04992933970051672
919,3138,4.0325047801147225,0.9154022463867595,1,5,486,63.239643084767366,405,3729,3324,0.09718305502182023
920,3667,3.937823834196891,0.9706303363883273,1,5,306,78.63185164985002,2829,3729,900,0.0025021091039887366
921,2111,4.011842728564662,0.8693583000851608,1,5,192,76.00047370914258,2551,3729,1178,0.07652100347175939
922,12117,3.8743088223157547,0.8955694260796285,1,5,824,70.92184534125609,293,3729,3436,-0.06101290277714755
